codigo_ine,municipio,poblacion_2025,n_poligonos_residenciales,superficie_residencial_m2,superficie_residencial_ha,superficie_media_poligono_m2,superficie_mediana_poligono_m2,superficie_max_poligono_m2,perimetro_total_m,suelo_residencial_m2_por_hab,municipio_key,area_m2_SUNC,area_m2_Urbanizable,area_m2_desarrollo,sunc_m2_por_hab,urbanizable_m2_por_hab,comarca,precio_venta_eur_m2,precio_alquiler_eur_m2_mes,poblacion_aprox,tipo_dato,fuente,fecha,reserva_suelo_hab,indice_expansion,densidad_residencial,poblacion_2025_norm,precio_venta_eur_m2_norm,precio_alquiler_eur_m2_mes_norm,suelo_residencial_m2_por_hab_norm,reserva_suelo_hab_norm,indice_expansion_norm,densidad_residencial_norm,precio_venta_score,precio_alquiler_score,coopscore,factor_escala
18087,Granada,233975,,,,,,,,210.45425625247583,GRANADA,0.0,0.0,0.0,0.0,0.0,,785.0,8.64,,,,,0.0,0.0,47.516375807072556,1.0,0.12466436517069429,0.5993623804463337,0.13612467717814927,0.0,0.0,0.04636873289466367,0.8753356348293058,0.4006376195536663,46.58785474232618,12.362973824977217
18140,Motril,59862,9.0,676210.490344715,67.6210490344715,75134.49892719055,20184.56143568,299493.51438305,14295.567440057292,11.296155997873692,MOTRIL,57849.0,0.0,57849.0,0.966372657111356,0.0,Costa Tropical,1491.0,7.8,57000.0,V,Idealista/Indomio/Fotocasa 2026,2026-05,0.9663726571113561,0.08554880592063878,885.2568964063819,0.25540549787030226,0.39547372458764857,0.5100956429330499,0.0,0.0005114254460854837,0.008583149538817288,1.0,0.6045262754123515,0.4899043570669501,27.71490605702118,10.999813897090403
18157,Pinos Genil,1642,2.0,311292.158194865,31.129215819486497,155646.0790974325,155646.0790974325,210495.863056425,11981.568587710904,189.5810951247655,PINOS GENIL,233929.05004883,2868740.0,3102669.05004883,142.46592573010352,1747.1010962241169,Área Metropolitana,850.0,8.64,700.0,E,Estimación por comarca/tipología,2026-05,1889.5670219542205,9.967064599509115,52.747875485258085,0.006427581723943278,0.14959723820483312,0.5993623804463337,0.1218578594259981,1.0,0.9999999999999999,0.05232394401827055,0.8504027617951668,0.4006376195536663,24.823664838723893,7.404279118037268
18011,Alfacar,5834,1.0,1168742.807089185,116.8742807089185,1168742.807089185,1168742.807089185,1168742.807089185,21581.511910370948,200.3330145850506,ALFACAR,287997.0,313261.0,601258.0,49.36527254028111,53.6957490572506,Área Metropolitana,1218.0,3.08,6400.0,V,Idealista/Indomio/Fotocasa 2026,2026-05,103.0610215975317,0.5144485136960666,49.91688474669531,0.024354675926717872,0.29075565784426544,0.008501594048884176,0.12920680262090561,0.054542136055562795,0.05161484693511503,0.049101321716023855,0.7092443421557346,0.9914984059511158,18.105683652624943,8.671629544720656
18029,Benamaurel,2235,9.0,3295178.29285607,329.51782928560704,366130.92142845225,108955.231064285,1376322.68743883,32558.922140549806,1474.352703738734,BENAMAUREL,30085.0,446403.0,476488.0,13.460850111856823,199.73288590604028,Comarca de Baza,510.0,8.64,1800.0,E,Estimación por comarca/tipología,2026-05,213.1937360178971,0.14460158378471463,6.782637542998716,0.008963547101387297,0.019179133103183726,0.5993623804463337,1.0,0.11282676588915524,0.01450794086273268,0.0,0.9808208668968162,0.4006376195536663,17.42004155053244,7.71244383427499
18916,Torrenueva Costa,3207,5.0,53930.946176565,5.3930946176565,10786.189235313,8445.08170236,22338.45458864,2193.0275394833748,16.816634292661366,TORRENUEVA COSTA,77348.0,93880.0,171228.0,24.118490801372,29.27346429685064,,785.0,8.64,,,,,53.39195509822264,3.1749489326483378,594.649311269373,0.013120306539626063,0.12466436517069429,0.5993623804463337,0.003773250120312829,0.028256184870862015,0.3185440307876309,0.669190551453366,0.8753356348293058,0.4006376195536663,16.649315300990615,8.073402968986406
18023,Baza,20587,7.0,2195843.0783302747,219.58430783302748,313691.8683328964,40544.70963019,1948584.37551494,42292.24431097391,106.66163493128064,BAZA,1102339.0,268007.0,1370346.0,53.54539272356342,13.018263952980035,Comarca de Baza,656.0,8.64,20000.0,V,Idealista/Indomio/Fotocasa 2026,2026-05,66.56365667654345,0.624063720000436,93.75442263230582,0.08744590225628218,0.07518220176448026,0.5993623804463337,0.06518236023116332,0.0352269360669209,0.06261258906972185,0.09900322543524023,0.9248177982355197,0.4006376195536663,16.612392068747663,9.932463660772646
18122,Loja,20951,19.0,2865887.93162101,286.588793162101,150836.2069274216,59364.89483308,1489210.991495575,54607.5849722098,136.79003062483935,LOJA,337400.0,1586800.0,1924200.0,16.104243234213165,75.73862822776955,Comarca de Loja,772.0,8.64,20500.0,V,Idealista/Indomio/Fotocasa 2026,2026-05,91.84287146198272,0.671414949192249,73.10474275297166,0.08900254879488188,0.11967779056386652,0.5993623804463337,0.08577513618372692,0.04860524680780963,0.06736335883940359,0.07549692497055524,0.8803222094361335,0.4006376195536663,16.497472862950005,9.949989386187548
18116,Lanjarón,3708,1.0,380802.31214644,38.080231214644,380802.31214644,380802.31214644,380802.31214644,18047.426344080777,102.69749518512404,LANJARON,,,0.0,,,Alpujarras Occidentales,1152.0,3.0,3700.0,V,Idealista/Indomio/Fotocasa 2026,2026-05,0.0,0.0,97.37335834699618,0.01526283378094049,0.2654392021480629,0.0,0.06247286841262923,0.0,0.0,0.10312279487985065,0.7345607978519371,1.0,16.25987561921456,8.21851757748959
18022,Atarfe,20914,1.0,3364039.55098121,336.403955098121,3364039.55098121,3364039.55098121,3364039.55098121,37294.91923288099,160.85108305351488,ATARFE,33512.0,3636106.0,3669618.0,1.6023716170985942,173.85990245768386,Vega de Granada,1380.0,8.64,17300.0,V,Idealista/Indomio/Fotocasa 2026,2026-05,175.46227407478244,1.090836758720527,62.16930473929739,0.08884431824013411,0.3528960490985807,0.5993623804463337,0.10222087949134463,0.09285845489265396,0.10944413451220647,0.0630487081863513,0.6471039509014194,0.4006376195536663,15.518991356006518,9.948221883876299
18193,"Zubia, La",20389,,,,,,,,210.45425625247583,"ZUBIA, LA",,,0.0,,,,785.0,8.64,,,,,0.0,0.0,47.516375807072556,0.08659915496330761,0.12466436517069429,0.5993623804463337,0.13612467717814927,0.0,0.0,0.04636873289466367,0.8753356348293058,0.4006376195536663,15.398976650834317,9.922799863568502
18089,Guadix,18881,7.0,3460927.704705036,346.0927704705035,494418.2435292908,118598.31068981,2848795.577879405,43493.53974159458,183.30213996637016,GUADIX,438023.0,353243.0,791266.0,23.199141994597746,18.708913722790108,Comarca de Guadix,839.0,8.64,18800.0,V,Idealista/Indomio/Fotocasa 2026,2026-05,41.90805571738785,0.2286282949292167,54.55473679595157,0.080150190731966,0.1453778289221327,0.5993623804463337,0.11756618992895039,0.02217865533768994,0.022938377959392058,0.05438076161134527,0.8546221710778673,0.4006376195536663,15.324332519709793,9.845964366292462
18127,Maracena,22294,4.0,1233802.696448645,123.38026964486453,308450.6741121613,31368.636630975,1169108.105312765,23592.45478217816,55.34236549962524,MARACENA,144633.98034669,491263.0,635896.9803466899,6.487574250771059,22.035659818785323,Área Metropolitana,1604.0,8.43,19200.0,V,Idealista/Indomio/Fotocasa 2026,2026-05,28.52323406955638,0.5153960047072713,180.6933966360313,0.09474589028207804,0.4388185654008439,0.5770456960680128,0.030105609772748926,0.015095116361661094,0.05170990912737286,0.19796910078850533,0.5611814345991561,0.4229543039319872,14.433724399280404,10.012117717061576
18102,Íllora,9923,9.0,2251831.87769618,225.183187769618,250203.5419662422,155067.84794378,826560.62501125,41696.83217624153,226.93055302793303,ILLORA,,,0.0,,,Poniente Granadino,559.0,8.64,10500.0,V,Idealista/Indomio/Fotocasa 2026,2026-05,0.0,0.0,44.06634482034286,0.04184129047708651,0.03797468354430378,0.5993623804463337,0.14738623559220965,0.0,0.0,0.042441433998969755,0.9620253164556962,0.4006376195536663,13.981877898122226,9.202711344811691
18003,Albolote,19768,1.0,2949835.53132449,294.983553132449,2949835.53132449,2949835.53132449,2949835.53132449,42092.590074378,149.22276058905757,ALBOLOTE,828396.0,2047817.13671875,2876213.13671875,41.905908539053016,103.5925301860962,Área Metropolitana,1622.0,8.88,19800.0,V,Idealista/Indomio/Fotocasa 2026,2026-05,145.49843872514924,0.9750418645975549,67.01390565705226,0.08394344754443285,0.44572305331798995,0.6248671625929862,0.09427291433414489,0.07700094097465378,0.09782638156529821,0.0685634980266627,0.5542769466820101,0.37513283740701375,13.961870862654377,9.891870333195937
18175,Santa Fe,15494,,,,,,,,210.45425625247583,SANTA FE,128745.0,371690.0,500435.0,8.309345553117335,23.98928617529366,Vega de Granada,1029.0,8.64,14500.0,V,Idealista/Indomio/Fotocasa 2026,2026-05,32.298631728410996,0.0,47.516375807072556,0.06566568022032536,0.2182585347142309,0.5993623804463337,0.13612467717814927,0.017093138985357203,0.0,0.04636873289466367,0.781741465285769,0.4006376195536663,13.952510775324962,9.648272670221848
18158,Pinos Puente,9807,4.0,1653602.592447675,165.36025924476752,413400.6481119188,358467.779578945,894986.912775925,38855.98331832877,168.6145194705491,PINOS PUENTE,322508.0,461271.0,783779.0,32.88548995615377,47.03487304986234,Vega de Granada,870.0,8.64,9800.0,E,Estimación por comarca/tipología,2026-05,79.92036300601612,0.4739826870008981,59.30687363935251,0.04134521630544485,0.15726889144610662,0.5993623804463337,0.10752719279073278,0.042295595804461704,0.047554892643541416,0.05979029614858886,0.8427311085538933,0.4006376195536663,13.723929850502913,9.190953658175992
18905,"Gabias, Las",23584,1.0,3682034.79609754,368.203479609754,3682034.79609754,3682034.79609754,3682034.79609754,40983.79038535671,156.1242705265239,LAS GABIAS,,,0.0,,,Área Metropolitana,1601.0,8.4,25600.0,V,Idealista/Indomio/Fotocasa 2026,2026-05,0.0,0.0,64.05154026517037,0.10026257719085171,0.4376678174146528,0.5738575982996812,0.09899010038421459,0.0,0.0,0.06519132705865419,0.5623321825853471,0.4261424017003188,13.572044207076393,10.068366195718362
18100,Huétor Tájar,10749,7.0,1256013.982699005,125.6013982699005,179430.5689570007,11955.434537775,1038148.994018585,24824.48939516503,116.84937972825423,HUETOR TAJAR,,,0.0,,,Vega de Granada,785.0,8.64,7700.0,V,Idealista/Indomio/Fotocasa 2026,2026-05,0.0,0.0,85.58025744985613,0.045373680699293525,0.12466436517069429,0.5993623804463337,0.07214568971607266,0.0,0.0,0.08969826846014814,0.8753356348293058,0.4006376195536663,13.321897424272912,9.28266103355581
18150,Padul,9667,1.0,1625682.434090665,162.5682434090665,1625682.434090665,1625682.434090665,1625682.434090665,19193.902320659738,168.16824600089635,PADUL,784786.0,144000.0,928786.0,81.18195924278473,14.89603806765284,Sur de Granada,1066.0,8.64,8500.0,V,Idealista/Indomio/Fotocasa 2026,2026-05,96.07799731043757,0.5713206838699231,59.46425819263584,0.04074650609829111,0.23245109321058688,0.5993623804463337,0.10722216461506734,0.05084656759677789,0.05732085692492261,0.05996945285317685,0.7675489067894131,0.4006376195536663,13.297841512033335,9.176576741823373
18149,Villa de Otura,7696,,,,,,,,210.45425625247583,VILLA DE OTURA,375443.0,387867.0,763310.0,48.7841735966736,50.39851871101871,,785.0,8.64,,,,,99.1826923076923,0.0,47.516375807072556,0.032317521681862506,0.12466436517069429,0.5993623804463337,0.13612467717814927,0.05248963977213996,0.0,0.04636873289466367,0.8753356348293058,0.4006376195536663,13.278305858950192,8.948585921534317
18105,Iznalloz,5179,2.0,689562.75089145,68.956275089145,344781.375445725,344781.375445725,621235.30667966,21264.060761602774,133.14592602653985,IZNALLOZ,337047.0,199976.0,537023.0,65.07955203707279,38.61285962541031,Poniente Granadino,680.0,8.64,5800.0,E,Estimación por comarca/tipología,2026-05,103.69241166248311,0.7787877162821654,75.10556498744624,0.02155356745753434,0.08438818565400841,0.5993623804463337,0.08328438857460242,0.05487628142199622,0.07813611605572629,0.0777745355143899,0.9156118143459916,0.4006376195536663,13.162921211191088,8.55256033525353
18067,Diezma,829,1.0,67389.79840357,6.7389798403570005,67389.79840357,67389.79840357,67389.79840357,1678.59928405597,81.29046852059108,DIEZMA,107550.0,194020.0,301570.0,129.73462002412546,234.0410132689988,,785.0,8.64,,,,,363.77563329312426,4.475009677192093,123.01565216673558,0.0029507860209719633,0.12466436517069429,0.5993623804463337,0.04784115325603596,0.19251798378493168,0.44897970034351836,0.13231237392672762,0.8753356348293058,0.4006376195536663,13.064779840520778,6.721425700790643
18145,Ogíjares,15239,,,,,,,,210.45425625247583,OGIJARES,,,0.0,,,Área Metropolitana,1695.0,7.57,14800.0,V,Idealista/Indomio/Fotocasa 2026,2026-05,0.0,0.0,47.516375807072556,0.06457517234300963,0.4737245876486383,0.485653560042508,0.13612467717814927,0.0,0.0,0.04636873289466367,0.5262754123513618,0.514346439957492,13.041817790794722,9.631678829240638
18098,Huéscar,7241,,,,,,,,210.45425625247583,HUESCAR,,,0.0,,,Comarca de Baza,620.0,8.64,7400.0,E,Estimación por comarca/tipología,2026-05,0.0,0.0,47.516375807072556,0.030371713508612876,0.06137322593018796,0.5993623804463337,0.13612467717814927,0.0,0.0,0.04636873289466367,0.938626774069812,0.4006376195536663,13.034904707108161,8.887652690325586
18079,Fuente Vaqueros,4743,1.0,697791.062137475,69.7791062137475,697791.062137475,697791.062137475,697791.062137475,24159.85901318227,147.12019020397955,FUENTE VAQUEROS,344578.07861329,392787.0,737365.07861329,72.6498162794202,82.81404174573055,Vega de Granada,863.0,8.64,2700.0,V,Idealista/Indomio/Fotocasa 2026,2026-05,155.46385802515076,1.0567132751093025,67.97163588583713,0.019689012812398432,0.1545838128116609,0.5993623804463337,0.09283580625494955,0.08227485779486537,0.1060205103076533,0.06965371805203263,0.8454161871883391,0.4006376195536663,12.990788951039551,8.464635940677562
18111,Jun,4103,,,,,,,,210.45425625247583,JUN,44165.05078125,1151385.51953125,1195550.5703125,10.7640874436388,280.6204044677675,Área Metropolitana,920.0,8.64,3200.0,E,Estimación por comarca/tipología,2026-05,291.3844919114063,0.0,47.516375807072556,0.016952051865409944,0.17644802454929037,0.5993623804463337,0.13612467717814927,0.15420701595969422,0.0,0.04636873289466367,0.8235519754507097,0.4006376195536663,12.713242130878738,8.319717386850606
18911,Vegas del Genil,12424,3.0,1945911.3832433552,194.5911383243356,648637.1277477851,507042.1827857,1126050.49204845,30172.43202648499,156.6251918257691,VEGAS DEL GENIL,235132.89038087,386047.8828125,621180.77319337,18.92569948332824,31.07275296301513,Área Metropolitana,1323.0,8.64,4700.0,V,Idealista/Indomio/Fotocasa 2026,2026-05,49.998452446343364,0.3192235671893828,63.84668956143443,0.05253682067773996,0.33103183736095126,0.5993623804463337,0.09933248038314127,0.02646026939792491,0.032027841698257356,0.06495813786538063,0.6689681626390487,0.4006376195536663,12.685462010182567,9.427465850964829
18059,Chauchina,5817,1.0,940580.76074009,94.058076074009,940580.76074009,940580.76074009,940580.76074009,19400.21415153733,161.69516258210243,CHAUCHINA,60825.0,173500.0,234325.0,10.456420835482207,29.82637098160564,Vega de Granada,720.0,8.64,2000.0,E,Estimación por comarca/tipología,2026-05,40.28279181708785,0.24912799600070795,61.84476913415634,0.02428197540156349,0.09973149213655541,0.5993623804463337,0.102797808339304,0.02131853030300388,0.024995122035526656,0.06267927720773508,0.9002685078634446,0.4006376195536663,12.596905829014418,8.668711839055147
18013,Alhama de Granada,5544,5.0,861031.63177184,86.103163177184,172206.326354368,32031.06669603,621286.61306241,18792.36401798147,155.30873588958153,ALHAMA DE GRANADA,53663.04052737,269010.4482422,322673.48876957,9.679480614604978,48.52280812449495,Alhama,753.0,8.64,6500.0,V,Idealista/Indomio/Fotocasa 2026,2026-05,58.20228873909993,0.37475218895915485,64.38787839410148,0.023114490497613712,0.11238971998465669,0.5993623804463337,0.09843268198627116,0.03080191814466903,0.03759905288239144,0.06557419329012043,0.8876102800153434,0.4006376195536663,12.591205829084043,8.620651899784468
18164,Puebla de Don Fadrique,2195,2.0,560606.84290292,56.060684290292,280303.42145146,280303.42145146,468676.136066425,11874.906469807434,255.40175075303875,PUEBLA DE D. FADRIQUE,168829.0,197591.0,366420.0,76.91526195899772,90.01867881548975,Comarca de Baza,480.0,8.64,2000.0,E,Estimación por comarca/tipología,2026-05,166.93394077448747,0.6536131419706069,39.15399941666618,0.008792487042200517,0.007671653241273474,0.5993623804463337,0.16684631577097564,0.08834507526588907,0.06557729564658363,0.03684952808469455,0.9923283467587265,0.4006376195536663,12.580996736188414,7.694392802629421
18056,Cúllar,3978,1.0,1446821.41796356,144.682141796356,1446821.41796356,1446821.41796356,1446821.41796356,26160.163925939352,363.7057360391051,CULLAR,,,0.0,,,Comarca de Baza,560.0,8.64,4500.0,E,Estimación por comarca/tipología,2026-05,0.0,0.0,27.494754712707678,0.01641748918045126,0.03835826620636745,0.5993623804463337,0.2408721526077685,0.0,0.0,0.02357737516009565,0.9616417337936325,0.4006376195536663,12.579699956901598,8.288785810426928
18053,Cortes de Baza,1769,8.0,959226.327450755,95.9226327450755,119903.29093134438,100042.6668687675,383662.36889697,25198.70554372349,542.2421297064755,CORTES DE BAZA,229400.0,104266.0,333666.0,129.67778405879028,58.94064443188242,,785.0,8.64,,,,,188.6184284906727,0.347849084675097,18.441945861737384,0.006970697411861305,0.12466436517069429,0.5993623804463337,0.3629018813582071,0.0998209781919249,0.03489985252952296,0.013272225339674842,0.8753356348293058,0.4006376195536663,12.449519150458036,7.478734825567875
18084,Gójar,6371,,,,,,,,210.45425625247583,GOJAR,,,0.0,,,,785.0,8.64,,,,,0.0,0.0,47.516375807072556,0.0266511572213004,0.12466436517069429,0.5993623804463337,0.13612467717814927,0.0,0.0,0.04636873289466367,0.8753356348293058,0.4006376195536663,12.319671049289331,8.759668671029939
18153,Peligros,11725,,,,,,,,210.45425625247583,PELIGROS,302728.0,160167.0,462895.0,25.81901918976546,13.660298507462686,Área Metropolitana,1376.0,8.64,10900.0,V,Idealista/Indomio/Fotocasa 2026,2026-05,39.47931769722815,0.0,47.516375807072556,0.04954754614345097,0.351361718450326,0.5993623804463337,0.13612467717814927,0.02089331430879758,0.0,0.04636873289466367,0.6486382815496741,0.4006376195536663,12.217448569888491,9.369563877524161
18006,Albuñol,7388,10.0,575638.38780028,57.563838780028,57563.838780028,20070.4628073,200276.75849116,21446.925385258783,77.91532049272875,ALBUNOL,,,0.0,,,Costa Tropical,941.0,8.64,7800.0,V,Idealista/Indomio/Fotocasa 2026,2026-05,0.0,0.0,128.3444634092627,0.031000359226124295,0.18450326045262755,0.5993623804463337,0.045534237618992425,0.0,0.0,0.1383783584319786,0.8154967395473725,0.4006376195536663,12.201016348222206,8.907747686788648
18071,Dúrcal,7234,1.0,1066737.592864735,106.67375928647353,1066737.592864735,1066737.592864735,1066737.592864735,22615.52487161055,147.4616523174917,DURCAL,,,0.0,,,Sur de Granada,870.0,8.64,4400.0,E,Estimación por comarca/tipología,2026-05,0.0,0.0,67.81424080661688,0.030341777998255187,0.15726889144610662,0.5993623804463337,0.09306919580782734,0.0,0.0,0.06947454936537822,0.8427311085538933,0.4006376195536663,12.20012775089417,8.886685639065584
18132,Moclín,3503,16.0,1244629.5201638849,124.46295201638848,77789.3450102428,24898.9302425425,252098.406286415,33566.824669597096,355.3038881427019,MOCLIN,,,0.0,,,Poniente Granadino,620.0,8.64,3500.0,E,Estimación por comarca/tipología,2026-05,0.0,0.0,28.14492138623506,0.01438615097760824,0.06137322593018796,0.5993623804463337,0.23512948469149644,0.0,0.0,0.024317484123981055,0.938626774069812,0.4006376195536663,12.161570719115456,8.161660452056282
18135,Montefrío,5283,6.0,644935.961623935,64.4935961623935,107489.3269373225,13531.4453245175,443690.455622055,15376.01117799538,122.07760015595969,MONTEFRIO,,,0.0,,,Poniente Granadino,661.0,8.64,5600.0,V,Idealista/Indomio/Fotocasa 2026,2026-05,0.0,0.0,81.91510962883072,0.02199832361141997,0.07710011507479858,0.5993623804463337,0.07571918141451621,0.0,0.0,0.08552609405202424,0.9228998849252015,0.4006376195536663,12.142036435165961,8.572438665642215
18039,Caniles,3929,1.0,1139734.1608286,113.97341608286,1139734.1608286,1139734.1608286,1139734.1608286,14369.837907926109,290.0825046649529,CANILES,87061.75,128000.0,215061.75,22.15875540850089,32.578264189361164,,785.0,8.64,,,,,54.73701959786205,0.18869466002813112,34.47295110592782,0.01620794060794745,0.12466436517069429,0.5993623804463337,0.19055063120940866,0.028968022283354707,0.018931818705923153,0.031520916274491995,0.8753356348293058,0.4006376195536663,12.112838819576456,8.276394704863307
18146,Orce,1116,6.0,630004.49996642,63.000449996642,105000.74999440332,34961.3483370825,465735.6089709,14161.09195694852,564.520161260233,ORCE,122920.0,0.0,122920.0,110.14336917562724,0.0,Comarca de Baza,470.0,8.64,900.0,E,Estimación por comarca/tipología,2026-05,110.14336917562724,0.19510971748067163,17.71415918552144,0.0041781419456371136,0.003835826620636751,0.5993623804463337,0.3781289288623911,0.05829026856200909,0.019575444257708626,0.012443758632912603,0.9961641733793632,0.4006376195536663,11.962693711079407,7.018401799069201
18167,Purullena,2409,2.0,328135.94728009496,32.8135947280095,164067.97364004748,164067.97364004748,173069.859123515,12237.143041961972,136.21251443756535,PURULLENA,276457.85986328,0.0,276457.85986328,114.7604233554504,0.0,Comarca de Guadix,680.0,8.64,1800.0,E,Estimación por comarca/tipología,2026-05,114.7604233554504,0.8425101308004429,73.41469351249381,0.009707658358849793,0.08438818565400841,0.5993623804463337,0.08538040353435274,0.06073371413773052,0.08452941409067792,0.07584975347565359,0.9156118143459916,0.4006376195536663,11.858106989951883,7.787382026484701
18138,Moraleda de Zafayona,3214,4.0,656131.18305812,65.613118305812,164032.79576453,103883.1601597075,448363.76160728,18973.61353499304,204.14784787122588,MORALEDA DE ZAFAYONA,66243.0,225604.0,291847.0,20.61076540136901,70.19415059116366,Vega de Granada,808.0,8.64,3500.0,V,Idealista/Indomio/Fotocasa 2026,2026-05,90.80491599253267,0.44479977104540125,48.984106882713185,0.01315024204998375,0.13348676639815876,0.5993623804463337,0.13181424338733796,0.048055938179224135,0.04462695777724847,0.04803950589777893,0.8665132336018413,0.4006376195536663,11.780492610636653,8.07558263667172
18093,Gualchos,5284,,,,,,,,210.45425625247583,GUALCHOS,109990.0,351299.0,461289.0,20.81566994700984,66.4835352006056,Costa Tropical,1050.0,8.64,3000.0,E,Estimación por comarca/tipología,2026-05,87.29920514761544,0.0,47.516375807072556,0.022002600112899638,0.22631377061756808,0.5993623804463337,0.13612467717814927,0.04620063968799011,0.0,0.04636873289466367,0.7736862293824319,0.4006376195536663,11.73560662659394,8.572627898304338
18165,Pulianas,5659,1.0,774214.994427165,77.4214994427165,774214.994427165,774214.994427165,774214.994427165,11103.878002092655,136.8112730919182,PULIANAS,326722.09765627,272068.09765625,598790.19531252,57.73495275777877,48.07706267118749,Área Metropolitana,1320.0,8.64,7500.0,E,Estimación por comarca/tipología,2026-05,105.81201542896625,0.7734159111133719,73.0933918967437,0.023606288167775706,0.3298810893747602,0.5993623804463337,0.08578965542231114,0.05599802187462701,0.0775971604670309,0.07548400386773013,0.6701189106252399,0.4006376195536663,11.63596025992314,8.641179171197228
18115,Láchar,3892,1.0,945575.919123405,94.5575919123405,945575.919123405,945575.919123405,945575.919123405,7349.554143394196,242.953730504472,LACHAR,,,0.0,,,Vega de Granada,740.0,8.64,2400.0,E,Estimación por comarca/tipología,2026-05,0.0,0.0,41.16010064647241,0.01604971005319968,0.10740314537782891,0.5993623804463337,0.15833808670232616,0.0,0.0,0.039133147905725876,0.8925968546221711,0.4006376195536663,11.629593587904544,8.266935347610456
18046,Castril,1927,5.0,547111.8837448651,54.7111883744865,109422.376748973,127375.26591091,198150.109290805,14732.892877737144,283.9189848183005,CASTRIL,136213.859375,0.0,136213.859375,70.6870053840166,0.0,Comarca de Baza,520.0,8.64,1800.0,E,Estimación por comarca/tipología,2026-05,70.6870053840166,0.2489689283344477,35.221315004347794,0.007646384645649088,0.023014959723820477,0.5993623804463337,0.18633786181497228,0.03740910195972354,0.02497916270621037,0.03237280680044576,0.9769850402761795,0.4006376195536663,11.629263364091093,7.564238475170491
18021,Armilla,25300,3.0,2018746.3210302151,201.87463210302155,672915.440343405,122760.381248,1777167.558640775,31524.40495374272,79.79234470475159,ARMILLA,102310.0,42940.0,145250.0,4.043873517786562,1.6972332015810276,Área Metropolitana,2144.0,9.0,26500.0,V,Idealista/Indomio/Fotocasa 2026,2026-05,5.741106719367589,0.07195059551904244,125.3253057922047,0.10760105372996459,0.6459532029152282,0.6376195536663125,0.046817184757926456,0.003038318647956739,0.007218835074329312,0.13494153875673356,0.3540467970847718,0.3623804463336875,11.595535159819477,10.138599199626192
18171,Salar,2582,2.0,469554.56567238,46.955456567238,234777.28283619,234777.28283619,468924.098251865,10512.236002727046,181.85691931540669,SALAR,105814.0,34818.0,140632.0,40.98140975987607,13.484895429899304,Vega de Granada,600.0,8.64,1500.0,E,Estimación por comarca/tipología,2026-05,54.46630518977537,0.2995008680165246,54.98828440317043,0.010447493114832618,0.053701572688914456,0.5993623804463337,0.11657838077475532,0.028824754325700204,0.030049054566303825,0.05487428501609456,0.9462984273110855,0.4006376195536663,11.587355935425085,7.8567067930958405
18147,Órgiva,5728,1.0,653391.71229874,65.33917122987401,653391.71229874,653391.71229874,653391.71229874,4574.226186843839,114.06978217505936,ORGIVA,,,0.0,,,Alpujarras Occidentales,940.0,8.64,5700.0,E,Estimación por comarca/tipología,2026-05,0.0,0.0,87.66563597582143,0.023901366769872902,0.18411967779056387,0.5993623804463337,0.0702458331743095,0.0,0.0,0.09207213258300073,0.8158803222094362,0.4006376195536663,11.554962954876563,8.653296274408579
18088,Guadahortuna,1829,1.0,479490.480755405,47.949048075540496,479490.480755405,479490.480755405,479490.480755405,7998.005439570624,262.1599129335183,GUADAHORTUNA,141942.0,0.0,141942.0,77.60634226353199,0.0,Poniente Granadino,580.0,8.64,2200.0,E,Estimación por comarca/tipología,2026-05,77.60634226353199,0.29602673191004736,38.144657160211686,0.007227287500641476,0.046029919447640955,0.5993623804463337,0.17146552354590067,0.04107096565607409,0.02970049295402649,0.03570055616403698,0.953970080552359,0.4006376195536663,11.39349255233519,7.512071245835466
18068,Dílar,2384,2.0,1279643.76661701,127.964376661701,639821.883308505,639821.883308505,1278853.553210095,15346.739262746582,536.7633249232425,DILAR,,,0.0,,,Área Metropolitana,980.0,8.64,1800.0,E,Estimación por comarca/tipología,2026-05,0.0,0.0,18.630184917030252,0.009600745821858055,0.19946298427311082,0.5993623804463337,0.3591571151072424,0.0,0.0,0.013486504874212851,0.8005370157268892,0.4006376195536663,11.34142718898838,7.776954403322442
18912,Cuevas del Campo,1841,1.0,861990.633089165,86.1990633089165,861990.633089165,861990.633089165,861990.633089165,13159.483462733971,468.2187034704861,CUEVAS DEL CAMPO,63340.0,0.0,63340.0,34.40521455730581,0.0,,785.0,8.64,,,,,34.40521455730581,0.07348107690335895,21.357540666101016,0.00727860551839751,0.12466436517069429,0.5993623804463337,0.31230682653938235,0.01820798847437726,0.007372388948595552,0.016591155604217804,0.8753356348293058,0.4006376195536663,11.322088199031962,7.518607216815252
18027,Benalúa,3381,1.0,760520.702073135,76.05207020731349,760520.702073135,760520.702073135,760520.702073135,12115.27916665106,224.9395747036779,BENALUA,,,0.0,,,,785.0,8.64,,,,,0.0,0.0,44.456383511764926,0.013864417797088559,0.12466436517069429,0.5993623804463337,0.14602540075138995,0.0,0.0,0.04288542958277516,0.8753356348293058,0.4006376195536663,11.21882607412508,8.126222529458525
18047,Cenes de la Vega,8254,1.0,727539.52340425,72.753952340425,727539.52340425,727539.52340425,727539.52340425,22931.943571925443,88.14387247446693,CENES DE LA VEGA,112114.0,365000.0,477114.0,13.582990065422823,44.22098376544706,Sierra Nevada,1648.0,8.64,4700.0,V,Idealista/Indomio/Fotocasa 2026,2026-05,57.80397383086988,0.6557911764951585,113.45088114771391,0.03470380950751809,0.4556962025316455,0.5993623804463337,0.052525458838385705,0.03059112122473861,0.0657958188138418,0.12142443848352286,0.5443037974683544,0.4006376195536663,11.197587560988776,9.018574356354229
18062,Churriana de la Vega,16878,1.0,1834448.24297774,183.444824297774,1834448.24297774,1834448.24297774,1834448.24297774,15187.916314762771,108.68872158891692,CHURRIANA DE LA VEGA,48056.0,142513.0,190569.0,2.8472567839791445,8.443713710155231,Área Metropolitana,1903.0,8.8,17500.0,V,Idealista/Indomio/Fotocasa 2026,2026-05,11.290970494134376,0.10388355230489457,92.00586642119183,0.07158435826818796,0.5535097813578826,0.6163655685441021,0.06656787513881768,0.005975427366665763,0.010422682753557242,0.09701277871073818,0.44649021864211735,0.38363443145589793,11.177518245478323,9.733825524688928
18182,Ugíjar,2574,5.0,500769.79577499,50.076979577499,100153.959154998,48906.403094315,363841.536025405,16697.46940755136,194.54926020784384,UGIJAR,,,0.0,,,Alpujarras Orientales,590.0,8.64,2500.0,E,Estimación por comarca/tipología,2026-05,0.0,0.0,51.40086366464024,0.010413281102995262,0.049865746068277705,0.5993623804463337,0.12525360314537096,0.0,0.0,0.050790590243783545,0.9501342539317224,0.4006376195536663,11.170111948316537,7.853604813097837
18082,Galera,1139,7.0,485445.854619945,48.5445854619945,69349.40780284928,28268.866751165,288735.13361815,15053.59798332784,426.20355980679983,GALERA,30794.0,26227.0,57021.0,27.035996488147497,23.02633889376646,Comarca de Baza,490.0,8.64,1400.0,E,Estimación por comarca/tipología,2026-05,50.06233538191396,0.11746109160751136,23.46296686149935,0.004276501479669513,0.011507479861910225,0.5993623804463337,0.2835894514464218,0.026494077638028787,0.011784923277541152,0.018987840736599995,0.9884925201380897,0.4006376195536663,11.13854005491607,7.038783541388542
18101,Huétor Vega,12285,,,,,,,,210.45425625247583,HUETOR VEGA,,,0.0,,,Área Metropolitana,1704.0,8.64,12700.0,V,Idealista/Indomio/Fotocasa 2026,2026-05,0.0,0.0,47.516375807072556,0.0519423869720659,0.4771768316072113,0.5993623804463337,0.13612467717814927,0.0,0.0,0.04636873289466367,0.5228231683927886,0.4006376195536663,11.136034688567529,9.416215681723873
18066,Deifontes,2612,,,,,,,,210.45425625247583,DEIFONTES,190639.0,0.0,190639.0,72.98583460949465,0.0,,785.0,8.64,,,,,72.98583460949465,0.0,47.516375807072556,0.010575788159222704,0.12466436517069429,0.5993623804463337,0.13612467717814927,0.0386256924266235,0.0,0.04636873289466367,0.8753356348293058,0.4006376195536663,11.127791907232824,7.868254265520613
18107,Jayena,979,1.0,252049.10813568,25.204910813568,252049.10813568,252049.10813568,252049.10813568,5544.953053883051,257.45567736024515,JAYENA,154718.0,40800.0,195518.0,158.0367722165475,41.67517875383044,Comarca de Loja,620.0,8.64,1100.0,E,Estimación por comarca/tipología,2026-05,199.71195097037793,0.7757139132376979,38.841637141322344,0.0035922612429223903,0.06137322593018796,0.5993623804463337,0.16825017579974755,0.10569191177131819,0.07782772003663971,0.036493954461230625,0.938626774069812,0.4006376195536663,11.094703008211306,6.887552571664617
18914,Valderrubio,2069,1.0,594343.28770578,59.434328770578,594343.28770578,594343.28770578,594343.28770578,6009.348174477993,287.26113470554856,VALDERRUBIO,68235.0,0.0,68235.0,32.979700338327696,0.0,Vega de Granada,690.0,8.64,1800.0,E,Estimación por comarca/tipología,2026-05,32.979700338327696,0.11480738726501548,34.81153136239716,0.008253647855762158,0.08822401227464516,0.5993623804463337,0.18862222320374344,0.017453575319185854,0.011518675947045615,0.03190633480332563,0.9117759877253548,0.4006376195536663,11.090272777383586,7.635303886259415
18048,Cijuela,3827,1.0,595273.93657457,59.52739365745701,595273.93657457,595273.93657457,595273.93657457,10020.645298112597,155.54584180156,CIJUELA,8329.0,119919.0,128248.0,2.176378364253985,31.33498824144238,Vega de Granada,985.0,8.64,2900.0,V,Idealista/Indomio/Fotocasa 2026,2026-05,33.51136660569637,0.21544366739452292,64.28972889392732,0.01577173745702116,0.2013808975834292,0.5993623804463337,0.09859474401479942,0.01773494468115684,0.021615558446880505,0.06546246605487832,0.7986191024165707,0.4006376195536663,11.071997159574305,8.250097752572845
18057,Cúllar Vega,7947,,,,,,,,210.45425625247583,CULLAR VEGA,,,0.0,,,Área Metropolitana,1439.0,8.64,9500.0,V,Idealista/Indomio/Fotocasa 2026,2026-05,0.0,0.0,47.516375807072556,0.03339092355325955,0.3755274261603376,0.5993623804463337,0.13612467717814927,0.0,0.0,0.04636873289466367,0.6244725738396624,0.4006376195536663,10.955061312778614,8.980675603671708
18050,Cogollos de la Vega,2119,,,,,,,,210.45425625247583,COGOLLOS DE LA VEGA,69634.0,133693.0,203327.0,32.86172722982539,63.09249646059462,,785.0,8.64,,,,,95.95422369042001,0.0,47.516375807072556,0.008467472929745633,0.12466436517069429,0.5993623804463337,0.13612467717814927,0.05078106390276785,0.0,0.04636873289466367,0.8753356348293058,0.4006376195536663,10.90586713591397,7.659171367666058
18136,Montejícar,1989,1.0,380215.725686385,38.0215725686385,380215.725686385,380215.725686385,380215.725686385,4404.288557133508,191.1592386557994,MONTEJICAR,,,0.0,,,Poniente Granadino,540.0,8.64,1200.0,E,Estimación por comarca/tipología,2026-05,0.0,0.0,52.312407552563876,0.007911527737388598,0.03068661296509398,0.5993623804463337,0.12293652144591165,0.0,0.0,0.05182823463543941,0.969313387034906,0.4006376195536663,10.86743043093509,7.595889917718538
18907,Valle del Zalabí,2128,4.0,724412.3485637349,72.44123485637348,181103.08714093373,50093.6277912975,624157.337543275,15137.52433408827,340.41933673107843,VALLE DEL ZALABI,,,0.0,,,,785.0,8.64,,,,,0.0,0.0,29.37553458633202,0.008505961443062659,0.12466436517069429,0.5993623804463337,0.2249558851579671,0.0,0.0,0.025718337009174523,0.8753356348293058,0.4006376195536663,10.863082633789741,7.663407664893479
18010,Aldeire,597,2.0,211494.47810675,21.149447810675,105747.239053375,105747.239053375,207568.37338474,8860.790458954234,354.2621073814908,ALDEIRE,108946.0,21709.0,130655.0,182.4891122278057,36.36348408710218,Comarca de Guadix,485.0,8.64,800.0,V,Idealista/Indomio/Fotocasa 2026,2026-05,218.85259631490788,0.6177702660116404,28.227687329910783,0.0019586376776886366,0.00958956655159185,0.5993623804463337,0.23441742693623077,0.11582155794006557,0.06198116404724276,0.02441169968333371,0.9904104334484082,0.4006376195536663,10.817801609622574,6.393590753950631
18119,Lecrín,2244,1.0,529627.444430285,52.9627444430285,529627.444430285,529627.444430285,529627.444430285,27854.424608430712,236.0193602630504,LECRIN,,,0.0,,,Sur de Granada,700.0,8.64,2400.0,E,Estimación por comarca/tipología,2026-05,0.0,0.0,42.36940558119772,0.009002035614704322,0.09205983889528191,0.5993623804463337,0.15359844061542055,0.0,0.0,0.04050974479803548,0.9079401611047181,0.4006376195536663,10.79801781445734,7.716460800176355
18012,Algarinejo,2335,3.0,338713.850296275,33.8713850296275,112904.616765425,66131.069456485,223082.12521285,11058.49451205445,145.0594647949786,ALGARINEJO,81825.0,0.0,81825.0,35.04282655246253,0.0,,785.0,8.64,,,,,35.04282655246253,0.24157559523599992,68.93724593657927,0.009391197249354248,0.12466436517069429,0.5993623804463337,0.09142729924120291,0.01854542662171394,0.024237386326150398,0.07075290797251077,0.8753356348293058,0.4006376195536663,10.782667586836238,7.756195343948118
18045,Castilléjar,1284,1.0,684700.617528105,68.47006175281051,684700.617528105,684700.617528105,684700.617528105,8779.067149750521,533.2559326542874,CASTILLEJAR,,,0.0,,,,785.0,8.64,,,,,0.0,0.0,18.752721512585687,0.004896594194221592,0.12466436517069429,0.5993623804463337,0.35675981045461574,0.0,0.0,0.01362599284932322,0.8753356348293058,0.4006376195536663,10.777848894343801,7.158513997329321
18194,Zújar,2655,2.0,542368.16137027,54.236816137027,271184.080685135,271184.080685135,509441.100276205,10850.210897938225,204.2817933598004,ZUJAR,,,0.0,,,,785.0,8.64,,,,,0.0,0.0,48.95198850338589,0.010759677722848492,0.12466436517069429,0.5993623804463337,0.13190579520656281,0.0,0.0,0.04800294434915843,0.8753356348293058,0.4006376195536663,10.768403014503836,7.884576510596324
18095,Güevéjar,2723,3.0,360411.9997681,36.041199976810006,120137.33325603337,15417.653638805,335364.03129512,6176.216056621057,132.35842811902316,GUEVEJAR,,,0.0,,,Área Metropolitana,790.0,8.64,1600.0,E,Estimación por comarca/tipología,2026-05,0.0,0.0,75.55242338634841,0.01105047982346602,0.12658227848101267,0.5993623804463337,0.08274613329750279,0.0,0.0,0.07828321108956307,0.8734177215189873,0.4006376195536663,10.675449581825317,7.909856667269403
18137,Montillana,1054,2.0,242424.172246695,24.2424172246695,121212.0861233475,121212.0861233475,223630.986630935,7417.344951955806,230.00395848832545,MONTILLANA,181300.0,0.0,181300.0,172.01138519924098,0.0,,785.0,8.64,,,,,172.01138519924098,0.7478627164930814,43.477512585973955,0.003912998853897604,0.12466436517069429,0.5993623804463337,0.14948691000916103,0.09103216938097493,0.07503339714783369,0.04177114431383912,0.8753356348293058,0.4006376195536663,10.647042835216498,6.961296045910167
18078,Freila,960,1.0,157318.997557605,15.7318997557605,157318.997557605,157318.997557605,157318.997557605,4709.848562558762,163.87395578917187,FREILA,76594.0,98243.0,174837.0,79.78541666666666,102.33645833333334,,785.0,8.64,,,,,182.121875,1.1113533820731376,61.02250935386744,0.0035110077148086693,0.12466436517069429,0.5993623804463337,0.10428701476159423,0.09638286066807339,0.11150257640829102,0.06174326824447556,0.8753356348293058,0.4006376195536663,10.604647346770822,6.8679744089702925
18192,Zafarraya,2244,,,,,,,,210.45425625247583,ZAFARRAYA,25864.0,0.0,25864.0,11.52584670231729,0.0,,785.0,8.64,,,,,11.52584670231729,0.0,47.516375807072556,0.009002035614704322,0.12466436517069429,0.5993623804463337,0.13612467717814927,0.006099728968807402,0.0,0.04636873289466367,0.8753356348293058,0.4006376195536663,10.579127091122244,7.716460800176355
18133,Molvízar,2689,1.0,205222.216039685,20.5222216039685,205222.216039685,205222.216039685,205222.216039685,5284.743723959132,76.31915806607847,MOLVIZAR,,,0.0,,,Costa Tropical,911.0,8.64,2900.0,V,Idealista/Indomio/Fotocasa 2026,2026-05,0.0,0.0,131.0286991287538,0.010905078773157256,0.1729957805907173,0.5993623804463337,0.04444325967346123,0.0,0.0,0.14143392402471905,0.8270042194092827,0.4006376195536663,10.517952982775954,7.897296472595885
18061,Chimeneas,1265,2.0,402728.7183331,40.272871833310006,201364.35916655,201364.35916655,277403.16100397,12621.71820814882,318.3626231882214,CHIMENEAS,96078.0,0.0,96078.0,75.95098814229249,0.0,,785.0,8.64,,,,,75.95098814229249,0.23856754094336313,31.410722464388762,0.0048153406661078715,0.12466436517069429,0.5993623804463337,0.2098801086427563,0.040194916221464726,0.023935586908417624,0.028035067246313147,0.8753356348293058,0.4006376195536663,10.475254903578563,7.143617602704121
18020,Arenas del Rey,608,2.0,281374.328932895,28.137432893289496,140687.1644664475,140687.1644664475,165960.05815871,5639.390993692281,462.78672521857726,ARENAS DEL REY,76210.0,0.0,76210.0,125.34539473684212,0.0,Comarca de Loja,590.0,8.64,1800.0,E,Estimación por comarca/tipología,2026-05,125.34539473684211,0.2708491577359758,21.608225679500496,0.002005679193965001,0.049865746068277705,0.5993623804463337,0.30859406624977054,0.06633551140578645,0.027174415800346602,0.01687651970096872,0.9501342539317224,0.4006376195536663,10.420619214821173,6.411818267709897
18099,Huétor de Santillán,1964,1.0,583788.93253594,58.37889325359399,583788.93253594,583788.93253594,583788.93253594,13656.796305991327,297.24487399996946,HUETOR DE SANTILLAN,,,0.0,,,Área Metropolitana,870.0,8.64,1200.0,E,Estimación por comarca/tipología,2026-05,0.0,0.0,33.642295880268165,0.0078046152003968606,0.15726889144610662,0.5993623804463337,0.19544611480918894,0.0,0.0,0.03057535046276929,0.8427311085538933,0.4006376195536663,10.385340803069882,7.583247524303362
18014,Alhendín,10475,6.0,1176891.2085074452,117.68912085074452,196148.5347512409,56885.16925854,903540.70085517,17774.226437022084,112.3523826737418,ALHENDIN,,,0.0,,,Área Metropolitana,1794.0,8.64,9200.0,V,Idealista/Indomio/Fotocasa 2026,2026-05,0.0,0.0,89.00567804635558,0.04420191929386408,0.511699271192942,0.5993623804463337,0.06907198961783903,0.0,0.0,0.09359755243112236,0.488300728807058,0.4006376195536663,10.36676019406669,9.256842205627603
18054,Cortes y Graena,949,5.0,398208.557558975,39.8208557558975,79641.711511795,56179.6876229,182012.261510835,10448.778095959122,419.6085959525553,CORTES Y GRAENA,0.0,75700.0,75700.0,0.0,79.768177028451,,785.0,8.64,,,,,79.768177028451,0.19010138924196468,23.83173294460033,0.0034639661985323045,0.12466436517069429,0.5993623804463337,0.27908178982225007,0.042215055672358996,0.019072956470185545,0.019407620917271547,0.8753356348293058,0.4006376195536663,10.357471786418088,6.856461984594587
18037,Calicasas,687,1.0,99749.0259639,9.97490259639,99749.0259639,99749.0259639,99749.0259639,3450.4940795716548,145.1950887393013,CALICASAS,58049.0,85116.0,143165.0,84.49636098981077,123.89519650655022,,785.0,8.64,,,,,208.391557496361,1.4352521101490514,68.87285297889835,0.002343522810858893,0.12466436517069429,0.5993623804463337,0.09151999828590636,0.11028534848202375,0.14399947906625774,0.0706796070680947,0.8753356348293058,0.4006376195536663,10.331841649943149,6.5337888379333435
18188,Villanueva Mesía,1965,2.0,400773.508574315,40.0773508574315,200386.7542871575,200386.7542871575,325609.422800295,6400.288028424639,203.955984007285,VILLANUEVA MESIA,,,0.0,,,,785.0,8.64,,,,,0.0,0.0,49.03018682522605,0.00780889170187653,0.12466436517069429,0.5993623804463337,0.13168310432491612,0.0,0.0,0.048091960414286324,0.8753356348293058,0.4006376195536663,10.302433620288113,7.583756300707112
18097,Huéneja,1180,4.0,504039.40004152,50.403940004152,126009.85001038,67273.0289847,312890.26520806,10249.070195838882,427.1520339334915,HUENEJA,,,0.0,,,,785.0,8.64,,,,,0.0,0.0,23.4108682754324,0.0044518380403359625,0.12466436517069429,0.5993623804463337,0.28423773406280883,0.0,0.0,0.01892853497374889,0.8753356348293058,0.4006376195536663,10.25851446841729,7.074116816197362
18126,"Malahá, La",1928,1.0,369787.50396414,36.978750396414,369787.50396414,369787.50396414,369787.50396414,7699.10960011567,191.7984979067116,LA MALAHA,,,0.0,,,,785.0,8.64,,,,,0.0,0.0,52.13805170082132,0.0076506611471287575,0.12466436517069429,0.5993623804463337,0.12337345551513766,0.0,0.0,0.051629758869094086,0.8753356348293058,0.4006376195536663,10.244520368436342,7.564757012905729
18076,Fonelas,965,2.0,220072.846814525,22.0072846814525,110036.4234072625,110036.4234072625,213309.89636391,3783.409774076597,228.0547635383679,FONELAS,4100.0,27000.0,31100.0,4.248704663212435,27.979274611398964,Comarca de Guadix,500.0,8.64,1000.0,E,Estimación por comarca/tipología,2026-05,32.2279792746114,0.1413168432642249,43.8491169614074,0.003532390222207017,0.015343306482546976,0.5993623804463337,0.14815463412893798,0.017055748168848073,0.014178381393372812,0.04219415542848947,0.984656693517453,0.4006376195536663,10.153385601718227,6.873163834212518
18024,Beas de Granada,1007,1.0,189223.652450875,18.9223652450875,189223.652450875,189223.652450875,189223.652450875,3826.430317447818,187.908294390144,BEAS DE GRANADA,112247.0,0.0,112247.0,111.46673286991064,0.0,,785.0,8.64,,,,,111.46673286991063,0.5931975128169605,53.21744860946655,0.0037120032843531363,0.12466436517069429,0.5993623804463337,0.12071449915246353,0.058990621435925546,0.05951576884995567,0.052858476612106624,0.8753356348293058,0.4006376195536663,10.119379786230107,6.915723448631314
18063,Darro,1700,,,,,,,,210.45425625247583,DARRO,0.0,0.0,0.0,0.0,0.0,,785.0,8.64,,,,,0.0,0.0,47.516375807072556,0.0066756188097641085,0.12466436517069429,0.5993623804463337,0.13612467717814927,0.0,0.0,0.04636873289466367,0.8753356348293058,0.4006376195536663,10.10164497115309,7.438971592395862
18903,Nevada,1086,4.0,242871.147840105,24.28711478401049,60717.78696002625,47351.589027085,137570.42568721,12175.74033433374,223.63825767965469,NEVADA,93877.59997559,0.0,93877.59997559,86.44346222430018,0.0,,785.0,8.64,,,,,86.44346222430018,0.3865325330343258,44.715068449175035,0.004049846901247029,0.12466436517069429,0.5993623804463337,0.14513594980977557,0.045747761905210946,0.03878098001425242,0.04317990029127925,0.8753356348293058,0.4006376195536663,10.089302845481914,6.99117688712121
18162,Polopos,1682,1.0,198536.81437464,19.853681437464,198536.81437464,198536.81437464,198536.81437464,7277.678223481554,118.03615598967896,POLOPOS,11300.0,0.0,11300.0,6.718192627824019,0.0,Costa Tropical,760.0,8.64,1100.0,E,Estimación por comarca/tipología,2026-05,6.718192627824019,0.056916396264306134,84.71980399695833,0.006598641783130058,0.11507479861910241,0.5993623804463337,0.07295685197993543,0.00355541377985945,0.005710447213024917,0.08871878221542756,0.8849252013808976,0.4006376195536663,10.084701729544332,7.428333194190806
18051,Colomera,1278,1.0,253266.364389555,25.3266364389555,253266.364389555,253266.364389555,253266.364389555,8015.004678758797,198.1739940450352,COLOMERA,59261.63964844,0.0,59261.63964844,46.370610053552426,0.0,,785.0,8.64,,,,,46.370610053552426,0.23398938027668084,50.46070776434718,0.0048709351853435745,0.12466436517069429,0.5993623804463337,0.12773111082802913,0.024540336233003897,0.02347625802367178,0.04972037573173912,0.8753356348293058,0.4006376195536663,10.002792004681051,7.153833801578843
18109,Jete,990,1.0,59455.679772265,5.9455679772265,59455.679772265,59455.679772265,59455.679772265,3433.395874629776,60.05624219420707,JETE,20940.0,0.0,20940.0,21.151515151515152,0.0,Costa Tropical,700.0,8.64,700.0,E,Estimación por comarca/tipología,2026-05,21.151515151515152,0.35219511542391163,166.51058465600406,0.003639302759198755,0.09205983889528191,0.5993623804463337,0.033327547230915286,0.01119384224309753,0.03533589171693113,0.18182427715032867,0.9079401611047181,0.4006376195536663,9.972231986636952,6.898714534329988
18159,Píñar,1040,,,,,,,,210.45425625247583,PINAR,,,0.0,,,Poniente Granadino,520.0,8.64,900.0,E,Estimación por comarca/tipología,2026-05,0.0,0.0,47.516375807072556,0.0038531278331822307,0.023014959723820477,0.5993623804463337,0.13612467717814927,0.0,0.0,0.04636873289466367,0.9769850402761795,0.4006376195536663,9.958530043670459,6.947937068614969
18018,Alquife,543,2.0,278416.790713775,27.8416790713775,139208.3953568875,139208.3953568875,266595.801788045,8497.11757176266,512.7381044452578,ALQUIFE,59255.0,0.0,59255.0,109.12523020257828,0.0,,785.0,8.64,,,,,109.12523020257827,0.21282839963814112,19.50313408210457,0.001727706597786483,0.12466436517069429,0.5993623804463337,0.34273586295873004,0.057751447254683355,0.021353167476071445,0.014480215453967101,0.8753356348293058,0.4006376195536663,9.918313980801965,6.298949246855942
18085,Gor,766,8.0,389091.148426845,38.9091148426845,48636.39355335563,33608.720673395,188216.7600259,13308.293056621438,507.9518908966645,GOR,0.0,0.0,0.0,0.0,0.0,,785.0,8.64,,,,,0.0,0.0,19.686903778126414,0.0026813664277527843,0.12466436517069429,0.5993623804463337,0.3394644832188397,0.0,0.0,0.014689407350220968,0.8753356348293058,0.4006376195536663,9.878000302441807,6.642486801367256
18035,Cádiar,1491,4.0,289873.67392418004,28.987367392418005,72468.41848104501,47845.98605357,192179.995015905,10021.766207809664,194.415609607096,CADIAR,,,0.0,,,,785.0,8.64,,,,,0.0,0.0,51.436199079947805,0.005781830000513181,0.12466436517069429,0.5993623804463337,0.12516225288214686,0.0,0.0,0.0508308138643974,0.8753356348293058,0.4006376195536663,9.86934724702845,7.307872780763706
18152,Pedro Martínez,1166,1.0,370307.81751789,37.030781751789,370307.81751789,370307.81751789,370307.81751789,4690.461466102332,317.58817968944254,PEDRO MARTINEZ,,,0.0,,,,785.0,8.64,,,,,0.0,0.0,31.48731797820253,0.004391967019620589,0.12466436517069429,0.5993623804463337,0.20935077606160987,0.0,0.0,0.028122258775308967,0.8753356348293058,0.4006376195536663,9.864930924148107,7.062191632286556
18108,Jérez del Marquesado,955,,,,,,,,210.45425625247583,JEREZ DEL MARQUESADO,,,0.0,,,Comarca de Guadix,540.0,8.64,1000.0,E,Estimación por comarca/tipología,2026-05,0.0,0.0,47.516375807072556,0.0034896252074103217,0.03068661296509398,0.5993623804463337,0.13612467717814927,0.0,0.0,0.04636873289466367,0.969313387034906,0.4006376195536663,9.78780286383394,6.862757913051401
18143,Nigüelas,1229,1.0,263121.14902596,26.312114902596,263121.14902596,263121.14902596,263121.14902596,5219.975916406311,214.0936932676648,NIGUELAS,,,0.0,,,Sur de Granada,720.0,8.64,900.0,E,Estimación por comarca/tipología,2026-05,0.0,0.0,46.70852208382325,0.0046613866128397685,0.09973149213655541,0.5993623804463337,0.1386122344915072,0.0,0.0,0.045449122883216606,0.9002685078634446,0.4006376195536663,9.779133794736744,7.114769448366463
18184,Vélez de Benaudalla,3108,,,,,,,,210.45425625247583,VELEZ DE BENAUDALLA,,,0.0,,,Costa Tropical,1299.0,8.64,3600.0,V,Idealista/Indomio/Fotocasa 2026,2026-05,0.0,0.0,47.516375807072556,0.012696932893138781,0.32182585347142306,0.5993623804463337,0.13612467717814927,0.0,0.0,0.04636873289466367,0.6781741465285769,0.4006376195536663,9.755574239327858,8.042056410058754
18065,Dehesas Viejas,635,1.0,202944.203523435,20.2944203523435,202944.203523435,202944.203523435,202944.203523435,5111.706647654579,319.59717090304724,DEHESAS VIEJAS,80560.0,0.0,80560.0,126.86614173228348,0.0,,785.0,8.64,,,,,126.86614173228347,0.39695639787365167,31.28938836268232,0.002121144733916078,0.12466436517069429,0.5993623804463337,0.21072392272276036,0.06714032381930357,0.039826810984369666,0.027896948114782265,0.8753356348293058,0.4006376195536663,9.721266963393425,6.455198563340122
18094,Güéjar Sierra,2915,1.0,353989.19084915,35.398919084915,353989.19084915,353989.19084915,353989.19084915,8159.008215894484,121.43711521411664,GUEJAR SIERRA,,,0.0,,,Sierra Nevada,1235.0,8.64,2700.0,V,Idealista/Indomio/Fotocasa 2026,2026-05,0.0,0.0,82.34714718286996,0.011871568107562566,0.2972765630993479,0.5993623804463337,0.07528140958482717,0.0,0.0,0.08601789850694161,0.7027234369006521,0.4006376195536663,9.683503543776803,7.977968093128549
18049,Cogollos de Guadix,614,1.0,260025.344087825,26.002534408782505,260025.344087825,260025.344087825,260025.344087825,7344.325475578262,423.49404574564335,COGOLLOS DE GUADIX,40199.0,0.0,40199.0,65.47068403908794,0.0,,785.0,8.64,,,,,65.47068403908794,0.1545964688212183,23.6130828767452,0.002031338202843018,0.12466436517069429,0.5993623804463337,0.2817374970121654,0.0346485111554165,0.015510732099482156,0.019158723393355444,0.8753356348293058,0.4006376195536663,9.61331717532363,6.421622267806518
18913,Zagra,845,,,,,,,,210.45425625247583,ZAGRA,0.0,0.0,0.0,0.0,0.0,Comarca de Loja,540.0,8.64,700.0,E,Estimación por comarca/tipología,2026-05,0.0,0.0,47.516375807072556,0.0030192100446466757,0.03068661296509398,0.5993623804463337,0.13612467717814927,0.0,0.0,0.04636873289466367,0.969313387034906,0.4006376195536663,9.605769420857394,6.740519359606223
18908,Villamena,1029,,,,,,,,210.45425625247583,VILLAMENA,0.0,0.0,0.0,0.0,0.0,Sur de Granada,680.0,8.64,900.0,E,Estimación por comarca/tipología,2026-05,0.0,0.0,47.516375807072556,0.003806086316905866,0.08438818565400841,0.5993623804463337,0.13612467717814927,0.0,0.0,0.04636873289466367,0.9156118143459916,0.4006376195536663,9.59812465189457,6.937314081223682
18038,Campotéjar,1218,1.0,217199.198394545,21.7199198394545,217199.198394545,217199.198394545,217199.198394545,5401.595772657599,178.3244650201519,CAMPOTEJAR,,,0.0,,,,785.0,8.64,,,,,0.0,0.0,56.07755502796507,0.004614345096563404,0.12466436517069429,0.5993623804463337,0.1141639462125989,0.0,0.0,0.05611424237831026,0.8753356348293058,0.4006376195536663,9.543449560272476,7.105786129481271
18144,Nívar,1093,,,,,,,,210.45425625247583,NIVAR,,,0.0,,,Área Metropolitana,750.0,8.64,900.0,E,Estimación por comarca/tipología,2026-05,0.0,0.0,47.516375807072556,0.004079782411604715,0.11123897199846566,0.5993623804463337,0.13612467717814927,0.0,0.0,0.04636873289466367,0.8887610280015343,0.4006376195536663,9.534196401582413,6.9975959829819265
18086,Gorafe,368,1.0,196191.159436165,19.6191159436165,196191.159436165,196191.159436165,196191.159436165,4840.023612235235,533.1281506417528,GORAFE,19745.0,0.0,19745.0,53.65489130434783,0.0,Comarca de Guadix,550.0,8.64,700.0,E,Estimación por comarca/tipología,2026-05,53.65489130434783,0.10064163980041342,18.757216230211267,0.0009793188388443185,0.0345224395857307,0.5993623804463337,0.3566724713748433,0.028395336434723063,0.01009742023798763,0.013631109353967753,0.9654775604142694,0.4006376195536663,9.525596469582197,5.910796644040527
18036,Cájar,5511,1.0,970868.41718614,97.086841718614,970868.41718614,970868.41718614,970868.41718614,10763.56098432788,176.16919201345308,CAJAR,,,0.0,,,Área Metropolitana,1692.0,8.64,3200.0,V,Idealista/Indomio/Fotocasa 2026,2026-05,0.0,0.0,56.76361391971619,0.02297336594878462,0.4725738396624472,0.5993623804463337,0.11269081586092054,0.0,0.0,0.05689520879232766,0.5274261603375527,0.4006376195536663,9.524660378868946,8.614682812693495
18117,Lanteira,533,2.0,157319.31525137,15.731931525136998,78659.657625685,78659.657625685,155200.073600855,3674.356353669183,295.15818996504686,LANTEIRA,78740.0,0.0,78740.0,147.7298311444653,0.0,,785.0,8.64,,,,,147.7298311444653,0.5005106961862034,33.88013729581489,0.0016849415829897877,0.12466436517069429,0.5993623804463337,0.1940198650595503,0.07818184241577245,0.050216459539236244,0.03084609421325147,0.8753356348293058,0.4006376195536663,9.518414306231536,6.280395838960195
18187,Villanueva de las Torres,491,1.0,294168.155933855,29.416815593385497,294168.155933855,294168.155933855,294168.155933855,3561.5604268132724,599.1204805170163,VILLANUEVA DE LAS TORRES,0.0,0.0,0.0,0.0,0.0,,785.0,8.64,,,,,0.0,0.0,16.691133628699212,0.0015053285208436683,0.12466436517069429,0.5993623804463337,0.40177826716733256,0.0,0.0,0.011279210501307844,0.8753356348293058,0.4006376195536663,9.495357128164981,6.198478716492308
18028,Benalúa de las Villas,1028,3.0,264554.90193260496,26.45549019326049,88184.96731086832,25989.455962085,224917.065638735,4574.679815883869,257.3491263935846,BENALUA DE LAS VILLAS,,,0.0,,,,785.0,8.64,,,,,0.0,0.0,38.85771885118507,0.0038018098154261964,0.12466436517069429,0.5993623804463337,0.1681773481521593,0.0,0.0,0.03651226087112308,0.8753356348293058,0.4006376195536663,9.495269626653984,6.9363427358340495
18154,"Peza, La",1104,2.0,239774.9402367,23.97749402367,119887.47011835,119887.47011835,195320.202358675,6525.537590952613,217.1874458665761,LA PEZA,,,0.0,,,,785.0,8.64,,,,,0.0,0.0,46.043176943768934,0.00412682392788108,0.12466436517069429,0.5993623804463337,0.14072681618945213,0.0,0.0,0.04469173570500244,0.8753356348293058,0.4006376195536663,9.48910990270242,7.007600613951853
18189,Víznar,1006,1.0,270579.48029726,27.057948029726,270579.48029726,270579.48029726,270579.48029726,5712.675644594848,268.9656861801789,VIZNAR,,,0.0,,,Área Metropolitana,810.0,8.64,900.0,E,Estimación por comarca/tipología,2026-05,0.0,0.0,37.17946382685055,0.0037077267828734667,0.1342539317222861,0.5993623804463337,0.17611727351220893,0.0,0.0,0.03460184060848962,0.8657460682777138,0.4006376195536663,9.444194416984516,6.914730892718563
18906,"Guájares, Los",1081,,,,,,,,210.45425625247583,"GUAJARES, LOS",,,0.0,,,,785.0,8.64,,,,,0.0,0.0,47.516375807072556,0.004028464393848681,0.12466436517069429,0.5993623804463337,0.13612467717814927,0.0,0.0,0.04636873289466367,0.8753356348293058,0.4006376195536663,9.442429083438292,6.9865664594064265
18178,Torre-Cardela,700,1.0,284947.11599401,28.494711599401,284947.11599401,284947.11599401,284947.11599401,4477.728887678502,407.06730856287146,TORRE-CARDELA,0.0,0.0,0.0,0.0,0.0,,785.0,8.64,,,,,0.0,0.0,24.565961917463834,0.0023991173300945963,0.12466436517069429,0.5993623804463337,0.27050981260848544,0.0,0.0,0.020243421130488368,0.8753356348293058,0.4006376195536663,9.403675136336108,6.55250788703459
18042,Capileira,590,1.0,100753.1560469,10.07531560469,100753.1560469,100753.1560469,100753.1560469,5470.039009679753,170.76806109644068,CAPILEIRA,74481.0,0.0,74481.0,126.23898305084744,0.0,Alpujarras Orientales,800.0,8.64,500.0,E,Estimación por comarca/tipología,2026-05,126.23898305084745,0.7392423515282195,58.55895965436145,0.00192870216733095,0.13041810510164942,0.5993623804463337,0.10899913974262394,0.066808417793135,0.07416851211786343,0.05893891777586483,0.8695818948983506,0.4006376195536663,9.387910379343232,6.3818160174060985
18902,"Valle, El",941,1.0,248523.96962834,24.852396962834,248523.96962834,248523.96962834,248523.96962834,11738.080062138226,264.10623764967056,EL VALLE,,,0.0,,,,785.0,8.64,,,,,0.0,0.0,37.8635510050494,0.003429754186694949,0.12466436517069429,0.5993623804463337,0.17279583761965103,0.0,0.0,0.03538056254746136,0.8753356348293058,0.4006376195536663,9.387474257531744,6.848005274576363
18174,Santa Cruz del Comercio,523,2.0,109734.688251415,10.9734688251415,54867.3441257075,54867.3441257075,101628.090773555,5277.27500552254,209.817759562935,SANTA CRUZ DEL COMERCIO,17602.90039063,56094.22070313,73697.12109376,33.65755332816443,107.2547240977629,,785.0,8.64,,,,,140.91227742592733,0.6715936616588483,47.66040787410321,0.0016421765681930928,0.12466436517069429,0.5993623804463337,0.13568963132122486,0.0745738445838209,0.06738128914022737,0.046532689966344985,0.8753356348293058,0.4006376195536663,9.332660785463679,6.261491684321042
18072,Escúzar,826,1.0,245145.64353299,24.514564353299,245145.64353299,245145.64353299,245145.64353299,3171.3765731221783,296.78649338134386,ESCUZAR,,,0.0,,,,785.0,8.64,,,,,0.0,0.0,33.69425571247578,0.0029379565165329547,0.12466436517069429,0.5993623804463337,0.19513281139016977,0.0,0.0,0.030634498276929316,0.8753356348293058,0.4006376195536663,9.296559605848929,6.717804695023691
18148,Otívar,1011,1.0,115347.563983745,11.5347563983745,115347.563983745,115347.563983745,115347.563983745,5361.822830400996,114.09254597798714,OTIVAR,,,0.0,,,Costa Tropical,760.0,8.64,800.0,E,Estimación por comarca/tipología,2026-05,0.0,0.0,87.6481448834474,0.0037291092902718144,0.11507479861910241,0.5993623804463337,0.07026139224682994,0.0,0.0,0.09205222182045128,0.8849252013808976,0.4006376195536663,9.287735257905968,6.919683849847411
18168,Quéntar,952,,,,,,,,210.45425625247583,QUENTAR,,,0.0,,,,785.0,8.64,,,,,0.0,0.0,47.516375807072556,0.003476795702971313,0.12466436517069429,0.5993623804463337,0.13612467717814927,0.0,0.0,0.04636873289466367,0.8753356348293058,0.4006376195536663,9.26166969369561,6.859614903654202
18173,Salobreña,12760,1.0,2549806.20594744,254.980620594744,2549806.20594744,2549806.20594744,2549806.20594744,37748.824768996055,199.8280725664138,SALOBRENA,,,0.0,,,Costa Tropical,2173.0,9.1,13500.0,V,Idealista/Indomio/Fotocasa 2026,2026-05,0.0,0.0,50.04301883898947,0.053973725174908914,0.6570771001150748,0.6482465462274176,0.1288616744579399,0.0,0.0,0.049244904855793206,0.3429228998849252,0.3517534537725824,9.25749068464379,9.454148923733976
18904,Alpujarra de la Sierra,933,,,,,,,,210.45425625247583,ALPUJARRA DE LA SIERRA,0.0,0.0,0.0,0.0,0.0,,785.0,8.64,,,,,0.0,0.0,47.516375807072556,0.003395542174857593,0.12466436517069429,0.5993623804463337,0.13612467717814927,0.0,0.0,0.04636873289466367,0.8753356348293058,0.4006376195536663,9.23313073439362,6.839476438228843
18103,Ítrabo,1022,1.0,89927.43569842,8.992743569842,89927.43569842,89927.43569842,89927.43569842,2420.1534219675345,87.99162005716242,ITRABO,,,0.0,,,Costa Tropical,825.0,8.64,1200.0,V,Idealista/Indomio/Fotocasa 2026,2026-05,0.0,0.0,113.6471858741054,0.003776150806548179,0.14000767165324124,0.5993623804463337,0.052421394222742786,0.0,0.0,0.1216478994721755,0.8599923283467588,0.4006376195536663,9.22916766548521,6.930494765951626
18034,Cacín,549,2.0,251633.08721880493,25.163308721880497,125816.54360940248,125816.54360940248,144582.216013785,4686.588243675884,458.3480641508288,CACIN,,,0.0,,,,785.0,8.64,,,,,0.0,0.0,21.817480605109083,0.0017533656066645,0.12466436517069429,0.5993623804463337,0.30556023883236666,0.0,0.0,0.017114722384197405,0.8753356348293058,0.4006376195536663,9.208565720181678,6.309918278226516
18114,"Calahorra, La",680,1.0,368001.905389055,36.800190538905504,368001.905389055,368001.905389055,368001.905389055,5619.362672522074,541.1792726309633,LA CALAHORRA,,,0.0,,,Comarca de Guadix,1100.0,8.64,500.0,E,Estimación por comarca/tipología,2026-05,0.0,0.0,18.478165195397498,0.002313587300501206,0.24549290372075178,0.5993623804463337,0.36217541792987734,0.0,0.0,0.013313455157503512,0.7545070962792482,0.4006376195536663,9.170329465303363,6.523562306149512
18915,Domingo Pérez de Granada,822,3.0,208363.28509348,20.836328509348,69454.42836449333,15829.54011392,180384.611765435,6448.061650349297,253.4833151988808,DOMINGO PEREZ DE GRANADA,,,0.0,,,,785.0,8.64,,,,,0.0,0.0,39.45032828750124,0.0029208505106142766,0.12466436517069429,0.5993623804463337,0.16553506395564407,0.0,0.0,0.03718685028605133,0.8753356348293058,0.4006376195536663,9.164437361408186,6.71295620067707
18030,Bérchules,688,,,,,,,,210.45425625247583,BERCHULES,,,0.0,,,Alpujarras Orientales,620.0,8.64,700.0,E,Estimación por comarca/tipología,2026-05,0.0,0.0,47.516375807072556,0.002347799312338562,0.06137322593018796,0.5993623804463337,0.13612467717814927,0.0,0.0,0.04636873289466367,0.938626774069812,0.4006376195536663,9.140370772502205,6.535241271013659
18910,"Pinar, El",867,,,,,,,,210.45425625247583,"PINAR, EL",,,0.0,,,,785.0,8.64,,,,,0.0,0.0,47.516375807072556,0.003113293077199405,0.12466436517069429,0.5993623804463337,0.13612467717814927,0.0,0.0,0.04636873289466367,0.8753356348293058,0.4006376195536663,9.129563894102358,6.7661917146603505
18064,Dehesas de Guadix,382,2.0,230921.627257985,23.0921627257985,115460.8136289925,115460.8136289925,228151.157331245,3201.45080990323,604.5068776387042,DEHESAS DE GUADIX,0.0,0.0,0.0,0.0,0.0,,785.0,8.64,,,,,0.0,0.0,16.54240897814351,0.0010391898595596915,0.12466436517069429,0.5993623804463337,0.4054598727279687,0.0,0.0,0.011109911686851822,0.8753356348293058,0.4006376195536663,9.12187640093382,5.948034989180646
18069,Dólar,600,1.0,231185.95518309,23.118595518309,231185.95518309,231185.95518309,231185.95518309,3707.039228554433,385.30992530515,DOLAR,,,0.0,,,,785.0,8.64,,,,,0.0,0.0,25.95313368084251,0.001971467182127645,0.12466436517069429,0.5993623804463337,0.25563862851699043,0.0,0.0,0.021822490465056545,0.8753356348293058,0.4006376195536663,9.107355765086476,6.398594934535208
18106,Játar,631,3.0,132592.931390455,13.2592931390455,44197.64379681833,6587.036549955,123368.76610148,3710.498001496762,210.13142851102216,JATAR,,,0.0,,,Comarca de Loja,580.0,8.64,500.0,E,Estimación por comarca/tipología,2026-05,0.0,0.0,47.58926387575318,0.0021040387279974,0.046029919447640955,0.5993623804463337,0.13590402422939474,0.0,0.0,0.046451704100644066,0.953970080552359,0.4006376195536663,9.095099042471006,6.448889394146858
18004,Albondón,703,1.0,213613.192790615,21.3613192790615,213613.192790615,213613.192790615,213613.192790615,1948.351037674003,303.85944920428875,ALBONDON,,,0.0,,,,785.0,8.64,,,,,0.0,0.0,32.90995236839538,0.002411946834533605,0.12466436517069429,0.5993623804463337,0.1999671808025253,0.0,0.0,0.029741696540091657,0.8753356348293058,0.4006376195536663,9.086255467544552,6.556778356158042
18183,Válor,658,5.0,214974.409397395,21.4974409397395,42994.881879479,14499.46585537,154032.29111299,8958.259482427118,326.70882887142096,VALOR,,,0.0,,,,785.0,8.64,,,,,0.0,0.0,30.608294347428192,0.002219504267948477,0.12466436517069429,0.5993623804463337,0.21558474507399142,0.0,0.0,0.02712163340478113,0.8753356348293058,0.4006376195536663,9.059925525797773,6.490723534502507
18002,Alamedilla,518,1.0,150962.6123494,15.09626123494,150962.6123494,150962.6123494,150962.6123494,2758.682337403622,291.4336145741313,ALAMEDILLA,0.0,0.0,0.0,0.0,0.0,Poniente Granadino,566.0,8.64,800.0,V,Idealista/Indomio/Fotocasa 2026,2026-05,0.0,0.0,34.31313170449774,0.0016207940607947452,0.0406597621787495,0.5993623804463337,0.19147411561694208,0.0,0.0,0.031338987891482956,0.9593402378212506,0.4006376195536663,9.04170000163328,6.251903883165888
18007,Albuñuelas,794,2.0,167357.00469118002,16.735700469118,83678.50234559001,83678.50234559001,147248.44676461,5634.067995334399,210.7770839939295,ALBUNUELAS,,,0.0,,,,785.0,8.64,,,,,0.0,0.0,47.44348773839193,0.0028011084691835306,0.12466436517069429,0.5993623804463337,0.13634533012690384,0.0,0.0,0.04628576168868328,0.8753356348293058,0.4006376195536663,9.006713770599324,6.678342114654332
18901,"Taha, La",777,,,,,,,,210.45425625247583,"TAHA, LA",,,0.0,,,,785.0,8.64,,,,,0.0,0.0,47.516375807072556,0.0027284079440291487,0.12466436517069429,0.5993623804463337,0.13612467717814927,0.0,0.0,0.04636873289466367,0.8753356348293058,0.4006376195536663,8.975646327436873,6.656726524178391
18077,Fornes,526,1.0,121467.22449909,12.146722449909,121467.22449909,121467.22449909,121467.22449909,2858.200594005453,230.9262823176616,FORNES,39254.0,0.0,39254.0,74.62737642585552,0.0,,785.0,8.64,,,,,74.62737642585552,0.32316536548749475,43.30386259907838,0.001655006072632101,0.12466436517069429,0.5993623804463337,0.1501173188821197,0.039494432088825665,0.032423324065082394,0.04157347205976505,0.8753356348293058,0.4006376195536663,8.94540646122685,6.267200548541362
18180,Trevélez,698,,,,,,,,210.45425625247583,TREVELEZ,,,0.0,,,Alpujarras Orientales,760.0,8.64,700.0,E,Estimación por comarca/tipología,2026-05,0.0,0.0,47.516375807072556,0.0023905643271352572,0.11507479861910241,0.5993623804463337,0.13612467717814927,0.0,0.0,0.04636873289466367,0.8849252013808976,0.4006376195536663,8.876703990332702,6.54965074223381
18185,Ventas de Huelma,667,,,,,,,,210.45425625247583,VENTAS DE HUELMA,0.0,0.0,0.0,0.0,0.0,,785.0,8.64,,,,,0.0,0.0,47.516375807072556,0.0022579927812655023,0.12466436517069429,0.5993623804463337,0.13612467717814927,0.0,0.0,0.04636873289466367,0.8753356348293058,0.4006376195536663,8.762680244318084,6.504288173536645
18909,Morelábor,588,2.0,141721.35829077,14.172135829077,70860.679145385,70860.679145385,93311.18926225,5609.532599481823,241.02271818158164,MORELABOR,,,0.0,,,,785.0,8.64,,,,,0.0,0.0,41.48986483699932,0.0019201491643716108,0.12466436517069429,0.5993623804463337,0.15701823865826248,0.0,0.0,0.03950853077801809,0.8753356348293058,0.4006376195536663,8.660290144919193,6.3784261836515865
18141,Murtas,431,3.0,167292.51562743,16.729251562743,55764.17187581,29570.991289895,109817.837760155,3519.459764641193,388.149688230696,MURTAS,0.0,0.0,0.0,0.0,0.0,,785.0,8.64,,,,,0.0,0.0,25.763256555951475,0.0012487384320634975,0.12466436517069429,0.5993623804463337,0.2575796081256945,0.0,0.0,0.021606346254824698,0.8753356348293058,0.4006376195536663,8.635237368620993,6.068425588244111
18124,Lújar,491,1.0,66468.25974254,6.646825974254,66468.25974254,66468.25974254,66468.25974254,1635.1261799431727,135.37323776484726,LUJAR,,,0.0,,,Costa Tropical,600.0,8.64,600.0,E,Estimación por comarca/tipología,2026-05,0.0,0.0,73.86984432898545,0.0015053285208436683,0.053701572688914456,0.5993623804463337,0.08480675744116924,0.0,0.0,0.07636786861892544,0.9462984273110855,0.4006376195536663,8.588270247807651,6.198478716492308
18015,Alicún de Ortega,461,1.0,145957.386680535,14.5957386680535,145957.386680535,145957.386680535,145957.386680535,3162.99997940338,316.6103832549566,ALICUN DE ORTEGA,,,0.0,,,,785.0,8.64,,,,,0.0,0.0,31.58456111639051,0.001377033476453583,0.12466436517069429,0.5993623804463337,0.20868245163081753,0.0,0.0,0.028232954264911354,0.8753356348293058,0.4006376195536663,8.522902651366763,6.135564891081739
18179,Torvizcón,608,1.0,76505.15265463,7.650515265463,76505.15265463,76505.15265463,76505.15265463,1580.2476208328007,125.83084318195723,TORVIZCON,,,0.0,,,,785.0,8.64,,,,,0.0,0.0,79.47177136482775,0.002005679193965001,0.12466436517069429,0.5993623804463337,0.07828452520235067,0.0,0.0,0.08274475101396608,0.8753356348293058,0.4006376195536663,8.522857995972004,6.411818267709897
18128,Marchal,437,1.0,126994.366815865,12.6994366815865,126994.366815865,126994.366815865,126994.366815865,3852.594680225634,290.6049583887071,MARCHAL,7340.0,3422.0,10762.0,16.79633867276888,7.830663615560641,,785.0,8.64,,,,,24.62700228832952,0.08474391636287554,34.41097514456106,0.0012743974409415147,0.12466436517069429,0.5993623804463337,0.1909077286329914,0.01303314569009565,0.008502394613460139,0.0314503667270904,0.8753356348293058,0.4006376195536663,8.513675477330041,6.082218910376446
18151,Pampaneira,312,3.0,73979.63278469,7.397963278469,24659.877594896665,3237.32763363,69684.925117665,3231.756775220328,237.1142076432372,PAMPANEIRA,24008.0,19441.25,43449.25,76.94871794871794,62.31169871794872,Alpujarras Orientales,820.0,8.64,350.0,E,Estimación por comarca/tipología,2026-05,139.26041666666666,0.5873136749198865,42.1737697601235,0.0007398347559828257,0.13808975834292286,0.5993623804463337,0.1543467694355727,0.07369964391241403,0.05892544079114447,0.04028704524924352,0.8619102416570772,0.4006376195536663,8.501939500775954,5.746203190540153
18074,Ferreira,297,1.0,93631.248377615,9.3631248377615,93631.248377615,93631.248377615,93631.248377615,2358.889110073879,315.25672854415825,FERREIRA,0.0,0.0,0.0,0.0,0.0,Comarca de Guadix,460.0,8.64,700.0,E,Estimación por comarca/tipología,2026-05,0.0,0.0,31.720179442892658,0.000675687233787783,0.0,0.5993623804463337,0.20775722784989903,0.0,0.0,0.02838733366206935,1.0,0.4006376195536663,8.475051874516234,5.697093486505405
18177,Sorvilán,521,,,,,,,,210.45425625247583,SORVILAN,,,0.0,,,,785.0,8.64,,,,,0.0,0.0,47.516375807072556,0.0016336235652337537,0.12466436517069429,0.5993623804463337,0.13612467717814927,0.0,0.0,0.04636873289466367,0.8753356348293058,0.4006376195536663,8.420948118508266,6.257667587882639
18170,Rubite,419,,,,,,,,210.45425625247583,RUBITE,0.0,0.0,0.0,0.0,0.0,Costa Tropical,640.0,8.64,700.0,E,Estimación por comarca/tipología,2026-05,0.0,0.0,47.516375807072556,0.0011974204143074636,0.06904487917146143,0.5993623804463337,0.13612467717814927,0.0,0.0,0.04636873289466367,0.9309551208285386,0.4006376195536663,8.393725456256583,6.040254711277414
18120,Lentegí,368,1.0,90275.07269731,9.027507269731,90275.07269731,90275.07269731,90275.07269731,2344.8345172278946,245.31269754703803,LENTEGI,,,0.0,,,Costa Tropical,680.0,8.64,400.0,E,Estimación por comarca/tipología,2026-05,0.0,0.0,40.76429838321975,0.0009793188388443185,0.08438818565400841,0.5993623804463337,0.15995044204580797,0.0,0.0,0.038682591433229156,0.9156118143459916,0.4006376195536663,8.214505474294244,5.910796644040527
18005,Albuñán,422,,,,,,,,210.45425625247583,ALBUNAN,,,0.0,,,,785.0,8.64,,,,,0.0,0.0,47.516375807072556,0.0012102499187464722,0.12466436517069429,0.5993623804463337,0.13612467717814927,0.0,0.0,0.04636873289466367,0.8753356348293058,0.4006376195536663,8.131740603247543,6.0473721790462776
18032,Bubión,305,2.0,127554.955319715,12.7554955319715,63777.4776598575,63777.4776598575,111431.20938749,5383.302488833355,418.21296826136063,BUBION,,,0.0,,,Alpujarras Orientales,850.0,8.64,300.0,E,Estimación por comarca/tipología,2026-05,0.0,0.0,23.911262344573057,0.000709899245625139,0.14959723820483312,0.5993623804463337,0.2781278774848564,0.0,0.0,0.019498152198262782,0.8504027617951668,0.4006376195536663,8.106993836180003,5.723585101952381
18040,Cáñar,424,1.0,43779.44941928,4.377944941928,43779.44941928,43779.44941928,43779.44941928,1507.650686404043,103.2534184416981,CANAR,,,0.0,,,,785.0,8.64,,,,,0.0,0.0,96.84909372416067,0.0012188029217058112,0.12466436517069429,0.5993623804463337,0.06285284228133066,0.0,0.0,0.10252600491412775,0.8753356348293058,0.4006376195536663,8.054427514291325,6.052089168924417
18163,Pórtugos,372,,,,,,,,210.45425625247583,PORTUGOS,,,0.0,,,,785.0,8.64,,,,,0.0,0.0,47.516375807072556,0.0009964248447629962,0.12466436517069429,0.5993623804463337,0.13612467717814927,0.0,0.0,0.04636873289466367,0.8753356348293058,0.4006376195536663,7.959516561239079,5.921578419643816
18070,Dúdar,382,1.0,36361.038294535,3.6361038294535,36361.038294535,36361.038294535,36361.038294535,1252.5687961787453,95.18596412181935,DUDAR,,,0.0,,,,785.0,8.64,,,,,0.0,0.0,105.057506033158,0.0010391898595596915,0.12466436517069429,0.5993623804463337,0.05733873256880049,0.0,0.0,0.1118699466701649,0.8753356348293058,0.4006376195536663,7.931780450414331,5.948034989180646
18096,Huélago,343,,,,,,,,210.45425625247583,HUELAGO,,,0.0,,,,785.0,8.64,,,,,0.0,0.0,47.516375807072556,0.0008724063018525806,0.12466436517069429,0.5993623804463337,0.13612467717814927,0.0,0.0,0.04636873289466367,0.8753356348293058,0.4006376195536663,7.848967341183434,5.840641657373398
18016,Almegíjar,327,,,,,,,,210.45425625247583,ALMEGIJAR,,,0.0,,,,785.0,8.64,,,,,0.0,0.0,47.516375807072556,0.0008039822781778684,0.12466436517069429,0.5993623804463337,0.13612467717814927,0.0,0.0,0.04636873289466367,0.8753356348293058,0.4006376195536663,7.784000356785023,5.793013608384144
18025,Beas de Guadix,318,,,,,,,,210.45425625247583,BEAS DE GUADIX,0.0,0.0,0.0,0.0,0.0,,785.0,8.64,,,,,0.0,0.0,47.516375807072556,0.0007654937648608426,0.12466436517069429,0.5993623804463337,0.13612467717814927,0.0,0.0,0.04636873289466367,0.8753356348293058,0.4006376195536663,7.746077154716873,5.765191102784844
18001,Agrón,247,1.0,62405.076949095,6.2405076949095,62405.076949095,62405.076949095,62405.076949095,1185.3824648304155,252.6521333971457,AGRON,,,0.0,,,Poniente Granadino,643.0,8.64,250.0,V,Idealista/Indomio/Fotocasa 2026,2026-05,0.0,0.0,39.58011304136081,0.00046186215980430743,0.07019562715765246,0.5993623804463337,0.16496695071147824,0.0,0.0,0.03733458910998396,0.9298043728423475,0.4006376195536663,7.734995805178734,5.5134287461649825
18033,Busquístar,313,,,,,,,,210.45425625247583,BUSQUISTAR,,,0.0,,,,785.0,8.64,,,,,0.0,0.0,47.516375807072556,0.0007441112574624952,0.12466436517069429,0.5993623804463337,0.13612467717814927,0.0,0.0,0.04636873289466367,0.8753356348293058,0.4006376195536663,7.724552579346967,5.749392985908253
18123,Lugros,306,,,,,,,,210.45425625247583,LUGROS,0.0,0.0,0.0,0.0,0.0,,785.0,8.64,,,,,0.0,0.0,47.516375807072556,0.0007141757471048085,0.12466436517069429,0.5993623804463337,0.13612467717814927,0.0,0.0,0.04636873289466367,0.8753356348293058,0.4006376195536663,7.693846091405944,5.726847747587197
18181,Turón,203,1.0,71872.337600865,7.1872337600865,71872.337600865,71872.337600865,71872.337600865,2499.4291037531257,354.0509241421921,TURON,,,0.0,,,,785.0,8.64,,,,,0.0,0.0,28.2445244966621,0.00027369609469884884,0.12466436517069429,0.5993623804463337,0.23427308306953282,0.0,0.0,0.024430866057967272,0.8753356348293058,0.4006376195536663,7.466879542261427,5.318119993844216
18161,Polícar,252,,,,,,,,210.45425625247583,POLICAR,,,0.0,,,,785.0,8.64,,,,,0.0,0.0,47.516375807072556,0.00048324466720265486,0.12466436517069429,0.5993623804463337,0.13612467717814927,0.0,0.0,0.04636873289466367,0.8753356348293058,0.4006376195536663,7.430840006712982,5.53338948872752
18176,Soportújar,260,1.0,26728.025444185,2.6728025444185,26728.025444185,26728.025444185,26728.025444185,1937.3290788005745,102.80009786225,SOPORTUJAR,,,0.0,,,,785.0,8.64,,,,,0.0,0.0,97.27617198769396,0.0005174566790400111,0.12466436517069429,0.5993623804463337,0.06254299740202775,0.0,0.0,0.10301216402377072,0.8753356348293058,0.4006376195536663,7.396869650207613,5.564520407322694
18083,Gobernador,231,,,,,,,,210.45425625247583,GOBERNADOR,0.0,0.0,0.0,0.0,0.0,,785.0,8.64,,,,,0.0,0.0,47.516375807072556,0.0003934381361295952,0.12466436517069429,0.5993623804463337,0.13612467717814927,0.0,0.0,0.04636873289466367,0.8753356348293058,0.4006376195536663,7.313287097973106,5.44673737166631
18043,Carataunas,207,,,,,,,,210.45425625247583,CARATAUNAS,0.0,0.0,0.0,0.0,0.0,,785.0,8.64,,,,,0.0,0.0,47.516375807072556,0.00029080210061752684,0.12466436517069429,0.5993623804463337,0.13612467717814927,0.0,0.0,0.04636873289466367,0.8753356348293058,0.4006376195536663,7.165336804913476,5.337538079701318
18044,Cástaras,178,,,,,,,,210.45425625247583,CASTARAS,,,0.0,,,,785.0,8.64,,,,,0.0,0.0,47.516375807072556,0.00016678355770711106,0.12466436517069429,0.5993623804463337,0.13612467717814927,0.0,0.0,0.04636873289466367,0.8753356348293058,0.4006376195536663,6.962204933702239,5.187385805840755
18017,Almuñécar,27544,14.0,1697002.899240285,169.70028992402848,121214.49280287747,70834.0872488325,434641.187886985,39058.3288234256,61.61061934505827,ALMUNECAR,,,0.0,,,Costa Tropical,3067.0,10.8,27500.0,V,Idealista/Indomio/Fotocasa 2026,2026-05,0.0,0.0,162.3096814527006,0.11719752305034298,1.0,0.8289054197662062,0.03438996491617246,0.0,0.0,0.17704223241661182,0.0,0.17109458023379376,6.7782432681626,10.223576309906816
18134,Monachil,8664,,,,,,,,210.45425625247583,MONACHIL,469405.0,627861.0,1097266.0,54.17878578024008,72.46779778393352,Sierra Nevada,1703.0,12.41,8500.0,V,Idealista/Indomio/Fotocasa 2026,2026-05,126.6465835641736,0.0,47.516375807072556,0.036457175114182595,0.4767932489451477,1.0,0.13612467717814927,0.06702412885741077,0.0,0.04636873289466367,0.5232067510548524,0.0,6.7150994428528215,9.067047202149707
18112,Juviles,140,,,,,,,,210.45425625247583,JUVILES,0.0,0.0,0.0,0.0,0.0,,785.0,8.64,,,,,0.0,0.0,47.516375807072556,4.276501479669528e-06,0.12466436517069429,0.5993623804463337,0.13612467717814927,0.0,0.0,0.04636873289466367,0.8753356348293058,0.4006376195536663,6.639983735285808,4.948759890378168
18121,Lobras,139,,,,,,,,210.45425625247583,LOBRAS,0.0,0.0,0.0,0.0,0.0,,785.0,8.64,,,,,0.0,0.0,47.516375807072556,0.0,0.12466436517069429,0.5993623804463337,0.13612467717814927,0.0,0.0,0.04636873289466367,0.8753356348293058,0.4006376195536663,6.630382613053137,4.941642422609304
