codigo_ine,municipio,poblacion_2025,superficie_residencial_m2,n_poligonos,superficie_media_poligono,precio_m2,fuente,anio,superficie_residencial_ha,cluster,suelo_por_habitante,score_poblacion,score_superficie,score_suelo_hab,coopscore_v1,oportunidad,log_poblacion,score_log_poblacion,coopscore_v2,PCA1,PCA2,objetivo_ml,densidad_residencial,municipio_merge,distancia_capital_km,distancia_costa_km,score_capital,score_costa,score_capital_norm,score_costa_norm,coopscore_v3,factor_poblacion,coopscore_v4,score_precio,coopscore_v5,score_litoral,coopscore_v6,score_n_poligonos,IVU,IVEC,perfil_municipio
18905,"Gabias, Las",23584,3682034.79609754,1,3682034.79609754,,,,368.203479609754,2,156.1242705265239,0.3919106924353408,1.0,0.0989901003842145,54.727023784586656,Alta,10.068366195718362,0.836061618729607,70.91721725878966,3.626685012044804,-2.81186772192822,0.717369091651416,3682034.79609754,las gabias,9.05,189.0,0.09950248756218905,0.005263157894736842,0.5158077018223797,0.0007064156038286279,60.62552215929845,1.0,60.62552215929845,0.35665529010238906,56.300092915265175,0.0,56.10127642591485,0.0,72.96970301152643,49.66421420243137,Equilibrado
18089,Guadix,18881,3460927.704705036,7,494418.2435292908,,,,346.0927704705036,2,183.3021399663702,0.3130793342161283,0.9395106607282148,0.1175661899289504,50.49979215348096,Media,9.845964366292462,0.7969180405620411,67.69874949619292,4.081035755655864,-0.7798079365513513,0.6841171259702379,494418.2435292908,guadix,52.61,91.1,0.018653236336504384,0.010857763300760045,0.06976104276743948,0.006326649069430498,51.56927676668237,1.0,51.56927676668237,0.35665529010238906,47.64913166212218,0.0,42.933646247566436,0.33333333333333326,63.83585206761258,39.56897367630559,Potencial Urbanístico
18022,Atarfe,20914,3364039.55098121,1,3364039.55098121,1369.0,Idealista,2026.0,336.403955098121,2,160.85108305351488,0.3471563385239444,0.9130044986458165,0.1022208794913446,50.00149648629133,Media,9.9482218838763,0.814915757321371,67.10730973274204,3.1631601388366493,-2.5396861425374717,0.6759775343936425,3364039.55098121,atarfe,10.45,108.3,0.08733624454148473,0.009149130832570906,0.44868633742671715,0.004610189608716444,56.58384343972358,1.0,56.58384343972358,0.30460750853242324,52.002250390417274,0.0,51.87389924061093,0.0,68.71685131703116,45.6054998094724,Equilibrado
18029,Benamaurel,2235,3295178.29285607,9,366130.92142845225,,,,329.51782928560704,2,1474.352703738734,0.0340602423775121,0.8941657903114045,1.0,66.78843888378155,Alta,7.71244383427499,0.4214102134334969,73.15221119823903,2.949366390454576,0.5836486012048977,0.7551598908262858,366130.92142845225,benamaurel,109.41,36.8,0.009057150620414818,0.026455026455026457,0.01681927882062889,0.021995360978411826,57.83247183727311,0.75,43.37435387795483,0.35665529010238906,51.604421170084436,0.0,46.202830996970775,0.4444444444444444,85.81940062668134,27.244903583513047,Potencial Urbanístico
18003,Albolote,19768,2949835.53132449,1,2949835.53132449,,,,294.983553132449,2,149.22276058905757,0.3279471663956821,0.7996886962671601,0.0942729143341448,44.65415027258122,Media,9.891870333195936,0.8049976674629635,62.54583392622277,2.746676099777765,-2.284149807284421,0.6251928907024374,2949835.53132449,albolote,9.78,71.1,0.0927643784786642,0.013869625520110958,0.47863344232720706,0.009352308183968544,53.27408557801958,1.0,53.27408557801958,0.35665529010238906,50.12911853923407,0.0,49.47210052913063,0.0,62.81262224338236,47.988810474528606,Equilibrado
18122,Loja,20951,2865887.93162101,19,150836.2069274216,770.0,Idealista,2026.0,286.588793162101,3,136.79003062483935,0.3477765299451885,0.7767227443045359,0.0857751361837269,44.0754597560489,Media,9.949989386187548,0.8152268445325703,61.93874823655474,5.791727780394499,2.873447826952389,0.6174622773541457,150836.2069274216,loja,53.49,103.9,0.018351991191044227,0.009532888465204956,0.06809906830692233,0.004995705178284227,46.469299242511546,1.0,46.469299242511546,0.04906143344709896,38.816597119113865,0.0,38.711709248693765,1.0,41.409391300738605,27.781244039999514,Equilibrado
18173,Salobreña,12760,2549806.20594744,1,2549806.20594744,2078.0,Idealista,2026.0,254.980620594744,2,199.8280725664138,0.2104795588259944,0.6902507337441001,0.1288616744579399,37.79026634828203,Media,9.454148923733976,0.7279570142852427,56.49859811390171,1.8704870835510583,-1.7868309483445113,0.5631006671119599,2549806.20594744,salobrena,67.63,7.6,0.014570887367040654,0.11627906976744186,0.04723865583966551,0.11223087494273934,43.314569445635236,1.0,43.314569445635236,0.6070819112627986,44.68545100214081,1.0,49.929300142168096,0.0,58.37838692094319,57.06675999586255,Alta Prioridad
18102,Íllora,9923,2251831.87769618,9,250203.5419662422,,,,225.183187769618,2,226.93055302793303,0.1629259625538477,0.6087324517100041,0.1473862355922096,33.658664012781884,Media,9.202711344811693,0.6837030324263065,52.33841299670764,2.749584798206129,0.7783916980165885,0.5196356009312614,250203.5419662422,illora,34.55,61.6,0.028129395218002815,0.01597444089456869,0.1220411683800732,0.011466765406224981,40.24755925356533,1.0,40.24755925356533,0.35665529010238906,38.398280006458556,0.0,34.154194684661206,0.4444444444444444,45.9693207643776,37.218125944486225,Equilibrado
18023,Baza,20587,2195843.0783302747,7,313691.8683328964,655.0,Idealista,2026.0,219.58430783302748,2,106.66163493128064,0.3416751873145711,0.5934153243445498,0.0651823602311633,35.94233940015402,Media,9.932463660772646,0.8121422493901096,54.88478533344271,3.227122617920669,-0.2203552581520074,0.5379115070821491,313691.8683328964,baza,96.15,108.5,0.010293360782295419,0.0091324200913242,0.023639470773395357,0.004593402318036633,39.81018925449379,1.0,39.81018925449379,0.0,32.45648958466468,0.0,32.64695026921827,0.33333333333333326,44.95957035749573,24.837056897171195,Equilibrado
18021,Armilla,25300,2018746.3210302151,3,672915.440343405,2120.0,Idealista,2026.0,201.87463210302155,2,79.79234470475159,0.4206741648368226,0.5449661056026698,0.0468171847579264,35.82338471194927,Media,10.138599199626192,0.8484228977959964,54.18115922688147,2.7967533065324086,-1.479958824466828,0.5266387526591483,672915.440343405,armilla,8.12,142.7,0.10964912280701755,0.006958942240779402,0.5717868566443733,0.002409968087049578,47.09680183867462,1.0,47.09680183867462,0.625,49.270770897891666,0.0,45.58953978346491,0.1111111111111111,46.43059860064906,61.888424066767364,Equilibrado
18911,Vegas del Genil,12424,1945911.3832433552,3,648637.1277477851,,,,194.59113832433556,2,156.6251918257691,0.2048475502438861,0.5250402984524696,0.0993324803831412,30.12701285690961,Media,9.427465850964827,0.7232606907550534,49.7901500856171,1.7055633078368213,-0.8969482840646971,0.4879904812410418,648637.1277477851,vegas del genil,14.02,67.1,0.06657789613848203,0.014684287812041117,0.334162185226328,0.010170702323319363,40.93351563174136,1.0,40.93351563174136,0.35665529010238906,39.545177635323874,0.0,37.43526311281813,0.1111111111111111,47.00976711189549,42.64727603127373,Equilibrado
18062,Churriana de la Vega,16878,1834448.24297774,1,1834448.24297774,,,,183.444824297774,2,108.68872158891692,0.279505187817429,0.4945467866190722,0.0665678751388176,30.16406335345029,Media,9.733825524688928,0.7771811727347433,50.06058131952771,1.6408909023587677,-1.6043509342883204,0.4864740938894935,1834448.24297774,churriana de la vega,7.81,60.6,0.11350737797956868,0.016233766233766232,0.5930729143803187,0.011727278676431217,44.61065692218619,1.0,44.61065692218619,0.35665529010238906,43.269007101258865,0.0,43.7326341067619,0.0,46.72437558511814,49.443105073744235,Equilibrado
18017,Almuñécar,27544,1697002.899240285,14,121214.49280287747,2999.0,Idealista,2026.0,169.70028992402848,3,61.61061934505827,0.4582879364387602,0.4569451973787558,0.0343899649161724,33.05814493579822,Media,10.223576309906816,0.8633791963449333,51.387998884958094,4.567946958497177,1.7424113788572326,0.4935582889012721,121214.49280287747,almunecar,78.91,44.8,0.012514078338130397,0.02183406113537118,0.03589120633641023,0.017353227700352268,36.69253550035913,1.0,36.69253550035913,0.9999999999999999,44.91896370715982,1.0,45.1043434935204,0.7222222222222221,29.434514371978516,76.6192000170762,Potencial Económico
18158,Pinos Puente,9807,1653602.592447675,4,413400.6481119188,,,,165.36025924476752,2,168.6145194705491,0.160981578638596,0.445071964975651,0.1075271927907327,25.858141741905904,Media,9.190953658175992,0.6816336343144191,45.53104396649287,1.4339592670140888,-0.3528525759835328,0.4434823561979902,413400.6481119188,pinos puente,20.3,72.9,0.046948356807511735,0.013531799729364004,0.22586569138588433,0.009012934863259395,36.021658382365516,1.0,36.021658382365516,0.35665529010238906,35.200323773497345,0.0,32.019021987187756,0.16666666666666666,42.1460806991712,39.23253446124583,Equilibrado
18150,Padul,9667,1625682.434090665,1,1625682.434090665,,,,162.5682434090665,2,168.16824600089635,0.1586349083960509,0.4374337118525022,0.1072221646150673,25.473060664433632,Media,9.176576741823371,0.6791032416890077,45.15486369777457,0.8982131152914604,-1.193945390972838,0.4394651604859204,1625682.434090665,padul,22.3,27.9,0.04291845493562232,0.03460207612456748,0.20363265596471675,0.030179731077039158,35.601322840342746,1.0,35.601322840342746,0.35665529010238906,34.8323566010957,0.0,31.21705649843664,0.0,45.08835053107713,38.71196197406013,Equilibrado
18056,Cúllar,3978,1446821.41796356,1,1446821.41796356,,,,144.682141796356,1,363.7057360391051,0.063276286897199,0.3885018362673689,0.2408721526077685,24.664526635843785,Media,8.288785810426928,0.5228486200014133,40.533312884608655,0.30119930624621,-0.863090779736969,0.3986157896593844,1446821.41796356,cullar,117.46,53.8,0.008441668073611346,0.018248175182481754,0.013423651408545949,0.013750915334485792,29.88257756468481,0.75,22.411933173513606,0.35665529010238906,29.4712938718379,0.0,24.118191881042666,0.0,46.6512563916015,30.220143232308878,Equilibrado
18068,Dílar,2384,1279643.76661701,2,639821.883308505,,,,127.964376661701,1,536.7633249232425,0.0365577699927923,0.3427662354448234,0.3591571151072424,25.582095970793983,Baja,7.776954403322442,0.4327643219345893,38.28631899563346,0.2097719965940728,-0.4249249013127737,0.3783632856318462,639821.883308505,dilar,19.39,95.8,0.04904364884747425,0.010330578512396695,0.23742545229895487,0.005797049325554719,31.904589691594154,0.75,23.928442268695616,0.35665529010238906,31.58098068069671,0.0,28.54743535889488,0.05555555555555555,46.80191411434733,31.99765030811234,Equilibrado
18100,Huétor Tájar,10749,1256013.982699005,7,179430.5689570007,,,,125.6013982699005,0,116.84937972825423,0.1767713169848639,0.3363017208635256,0.0721456897160726,20.919579035569125,Media,9.28266103355581,0.6977744854305663,41.48518189034787,1.7008205351594898,0.6667235925592255,0.3967781806751266,179430.5689570007,huetor tajar,43.07,109.0,0.02269117313365101,0.00909090909090909,0.09203840700442664,0.004551701161870652,30.402420672676485,1.0,30.402420672676485,0.35665529010238906,30.221140544161496,0.0,25.746178251051223,0.33333333333333326,32.31279006799179,37.04021430710108,Equilibrado
18132,Moclín,3503,1244629.5201638849,16,77789.3450102428,,,,124.46295201638848,0,355.3038881427019,0.0553143700028495,0.333187218237776,0.2351294846914964,22.040804370341423,Baja,8.161660452056282,0.5004740675289518,37.55875245676765,2.617836114473688,3.5629731209349806,0.3672231821031176,77789.3450102428,moclin,33.56,36.6,0.028935185185185182,0.026595744680851064,0.12648672498465313,0.022136723813608053,29.328726042092885,0.75,21.996544531569665,0.35665529010238906,29.334601541337594,0.0,25.02827220151221,0.8333333333333333,27.046578785967025,31.810168129657185,Equilibrado
18127,Maracena,22294,1233802.696448645,4,308450.6741121613,,,,123.38026964486453,2,55.34236549962524,0.3702878023433178,0.3302252715683028,0.0301056097727489,25.22081322621412,Media,10.012117717061576,0.8261616699441492,45.35699154697529,2.108029613757291,-0.6732898386032441,0.4287730955509605,308450.6741121613,maracena,4.34,43.6,0.18726591760299627,0.02242152466367713,0.9999999999999999,0.017943382312159386,46.342345914229384,1.0,46.342345914229384,0.35665529010238906,45.75971250933921,0.0,50.23044933468178,0.16666666666666666,34.08109853826428,59.051061702420036,Equilibrado
18014,Alhendín,10475,1176891.2085074452,6,196148.5347512409,,,,117.68912085074452,0,112.3523826737418,0.172178548081597,0.3146557198146404,0.069071989617839,19.8237449235687,Media,9.256842205627605,0.6932302723194983,40.46896082673832,1.449293783072363,0.4308818026455372,0.3857608806421403,196148.5347512409,alhendin,11.84,101.7,0.0778816199376947,0.00973709834469328,0.3965250167811225,0.005200850513015283,34.151751951630445,1.0,34.151751951630445,0.35665529010238906,34.116791394406384,0.0,32.68020370555163,0.2777777777777778,32.249390123711635,42.99362010930297,Equilibrado
18011,Alfacar,5834,1168742.807089185,1,1168742.807089185,,,,116.8742807089185,1,200.3330145850506,0.0943864295412259,0.3124265221222115,0.1292068026209056,19.20485784975241,Baja,8.671629544720656,0.5902305910848948,37.77432198319583,0.2324475729405501,-0.8029911200226464,0.3638530163838242,1168742.807089185,alfacar,8.37,118.9,0.10672358591248667,0.008340283569641367,0.5556466211076847,0.0037976371361536955,35.08537218118363,1.0,35.08537218118363,0.35665529010238906,35.27588195357941,0.0,35.444542441758884,0.0,39.49753018473775,43.0860617587961,Equilibrado
18039,Caniles,3929,1139734.1608286,1,1139734.1608286,,,,113.97341608286,1,290.0825046649529,0.0624549523123082,0.3044904860845577,0.1905506312094086,19.76978694903381,Baja,8.276394704863307,0.5206677377197153,36.24764230198336,0.0567248046681331,-0.7076280994194778,0.3516675604380756,1139734.1608286,caniles,107.43,3.9,0.009222539887485013,0.2040816326530612,0.01773173414831372,0.20043564837753697,28.232753145717858,0.75,21.174564859288395,0.35665529010238906,28.504038222185287,0.0,21.32716972835722,0.0,40.94104324051015,30.2408784186533,Equilibrado
18071,Dúrcal,7234,1066737.592864735,1,1066737.592864735,,,,106.67375928647353,1,147.4616523174917,0.1178531319666773,0.2845204609829935,0.0930691958078273,17.70848827255488,Baja,8.886685639065584,0.6280812915990599,37.408197693562855,0.264989011982822,-0.811476952181697,0.3569039354048252,1066737.592864735,durcal,32.97,106.3,0.02943773918163085,0.009319664492078286,0.12925932371266813,0.004781504457685607,28.08573493588973,1.0,28.08573493588973,0.35665529010238906,28.40720954547616,0.0,24.30215838649015,0.0,37.01809892338449,35.69383682632073,Equilibrado
18036,Cájar,5511,970868.41718614,1,970868.41718614,,,,97.086841718614,1,176.16919201345308,0.0889723260530682,0.2582930656660584,0.1126908158609205,16.381616884062,Baja,8.614682812693495,0.5802077470181588,35.06583757556141,0.0515122848073287,-0.6904452950058115,0.3345626416880091,970868.41718614,cajar,11.52,113.3,0.07987220447284345,0.008748906386701663,0.407507104654652,0.004208131793878491,30.6624898504127,1.0,30.6624898504127,0.35665529010238906,31.256361059222844,0.0,29.939521436294747,0.0,36.29537775913054,39.82258610773337,Equilibrado
18053,Cortes de Baza,1769,959226.327450755,8,119903.29093134438,,,,95.9226327450755,0,542.2421297064755,0.0262491828558976,0.2551080827177451,0.3629018813582071,21.87885523513295,Baja,7.478734825567875,0.3802765281827678,33.21239105638697,0.9146623975077048,1.483188018405386,0.3258654882906185,119903.29093134438,cortes de baza,118.1,96.3,0.008396305625524769,0.010277492291880781,0.013173386030588527,0.00574371992491734,24.67323130297369,0.75,18.504923477230268,0.35665529010238906,25.031628193215926,0.0,19.756095502736805,0.38888888888888884,35.86468279885569,25.93797517019037,Equilibrado
18115,Láchar,3892,945575.919123405,1,945575.919123405,,,,94.5575919123405,1,242.953730504472,0.0618347608910642,0.251373674312699,0.1583380867023261,16.66013240030967,Baja,8.266935347610456,0.5190028544271736,33.51664494558957,-0.0983294964742823,-0.6090800998458481,0.3217849904501719,945575.919123405,lachar,22.78,58.1,0.04205214465937763,0.01692047377326565,0.19885320781194094,0.01241713192156279,26.790012760501575,0.75,20.09250957037618,0.35665529010238906,27.496269034826415,0.0,24.010800442194363,0.0,37.31882631670474,33.81336139314959,Equilibrado
18059,Chauchina,5817,940580.76074009,1,940580.76074009,,,,94.058076074009,1,161.69516258210243,0.0941014767260597,0.2500071246092873,0.102797808339304,15.907263536332408,Baja,8.668711839055147,0.589717063655365,34.90887711602226,0.0523646613352608,-0.6883081345333583,0.3321032742079187,940580.76074009,chauchina,17.26,82.3,0.054764512595837894,0.012004801920768308,0.26898755241962324,0.00747894210363944,28.408699203779562,1.0,28.408699203779562,0.35665529010238906,29.04591857229562,0.0,26.31117532391962,0.0,35.58429048064349,37.337474562148984,Equilibrado
18912,Cuevas del Campo,1841,861990.633089165,1,861990.633089165,,,,86.1990633089165,1,468.2187034704861,0.027456041837778,0.2285068422576428,0.3123068265393823,19.333159741620523,Baja,7.518607216815252,0.3872942225405362,31.297179044123503,-0.3285277455520757,-0.4802591916784239,0.3050324214270904,861990.633089165,cuevas del campo,102.58,100.9,0.009654373431164317,0.009813542688910696,0.020114166966254496,0.005277645037462737,23.13818631689878,0.75,17.353639737674083,0.35665529010238906,23.84747621174681,0.0,18.64601207949889,0.0,40.79454690906361,26.28732161963673,Equilibrado
18013,Alhama de Granada,5544,861031.63177184,5,172206.326354368,,,,86.103163177184,0,155.30873588958153,0.0895254697530967,0.2282444836164955,0.0984326819862711,14.768523896840865,Baja,8.620651899784468,0.5812583293255871,33.699707149257605,0.6383048915396368,0.5109901274423737,0.3193463792071214,172206.326354368,alhama de granada,57.12,19.6,0.017205781142463867,0.04854368932038835,0.06177540847094788,0.044185208740087786,24.715929595825063,1.0,24.715929595825063,0.35665529010238906,25.52608147271913,0.0,20.352154118491896,0.22222222222222224,29.920760195968466,32.93946965328213,Equilibrado
18165,Pulianas,5659,774214.994427165,1,774214.994427165,,,,77.4214994427165,1,136.8112730919182,0.0914530917380445,0.204493635112703,0.0857896554223111,13.497027819318792,Baja,8.641179171197228,0.5848712081188343,32.69686693925576,-0.0906381538221049,-0.598504912417904,0.307949790742251,774214.994427165,pulianas,5.29,97.9,0.1589825119236884,0.010111223458038422,0.843959982081529,0.0055766894381485375,35.18754899040259,1.0,35.18754899040259,0.35665529010238906,36.16160584866918,0.0,39.19560942356715,0.0,32.798371418304484,48.691547489291175,Equilibrado
18027,Benalúa,3381,760520.702073135,1,760520.702073135,,,,76.05207020731349,1,224.9395747036779,0.0532694145057744,0.2007472211416583,0.1460254007513899,14.008733303381266,Baja,8.126222529458525,0.4942368567250559,30.44626202774503,-0.2843228905126909,-0.4949558748522178,0.2897881384982804,760520.702073135,benalua,56.36,41.1,0.017433751743375175,0.023752969121140142,0.06303312605469381,0.01928092591967949,22.437152217421147,0.75,16.82786416306586,0.35665529010238906,23.581934175866458,0.0,18.66962682568077,0.0,34.418123079624614,30.353979826941117,Equilibrado
18047,Cenes de la Vega,8254,727539.52340425,1,727539.52340425,,,,72.753952340425,1,88.14387247446693,0.1349503008766489,0.1917244001478981,0.0525254588383857,13.293248797366964,Baja,9.018574356354229,0.6512942135787692,34.07525901928684,0.0812193470759426,-0.6853585126890004,0.3177740995213248,727539.52340425,cenes de la vega,13.07,73.2,0.0710732054015636,0.013477088948787061,0.3589628809386375,0.00895797346069172,28.558619469360362,1.0,28.558619469360362,0.35665529010238906,29.430728458070938,0.0,27.580948181314557,0.0,31.161983772546474,40.98429563023139,Equilibrado
18907,Valle del Zalabí,2128,724412.3485637349,4,181103.08714093373,,,,72.44123485637348,0,340.41933673107843,0.0322667158349955,0.1908688837612512,0.2249558851579671,15.351433380238932,Baja,7.663407664893479,0.4127796588459831,28.815494414432298,0.0893911052231151,0.4372553206594887,0.2770594053900864,181103.08714093373,valle del zalabi,70.57,75.1,0.013972334777141262,0.01314060446780552,0.0439364312804294,0.008619947594089558,21.28992163229379,0.75,15.967441224220343,0.35665529010238906,22.496728845003624,0.0,17.500064330331185,0.16666666666666666,32.958787409468236,27.528329995083645,Equilibrado
18079,Fuente Vaqueros,4743,697791.062137475,1,697791.062137475,,,,69.7791062137475,1,147.12019020397955,0.0760991635796778,0.1835859693311987,0.0928358062549495,12.411487868286772,Baja,8.464635940677562,0.5537989199023219,30.89836087905857,-0.2240691791539327,-0.5214456479003685,0.2904729612620295,697791.062137475,fuente vaqueros,20.89,57.1,0.04568296025582458,0.01721170395869191,0.21888447763680277,0.012709696189377624,24.619632329038815,0.75,18.464724246779113,0.35665529010238906,25.818358203132302,0.0,22.530276666070716,0.0,31.964372654208418,35.25786875390128,Equilibrado
18105,Iznalloz,5179,689562.75089145,2,344781.375445725,,,,68.956275089145,1,133.14592602653985,0.0834073651921755,0.181334910319658,0.0832843885746024,12.25414902578966,Baja,8.55256033525353,0.5692739518335095,31.19978964889347,-0.0279527834876428,-0.2488516274978011,0.2926009444132421,344781.375445725,iznalloz,37.36,21.6,0.026068821689259645,0.04424778761061947,0.11067295006884473,0.03986962814021461,23.396374409354344,1.0,23.396374409354344,0.35665529010238906,24.576737507251327,0.0,19.934941375001795,0.05555555555555555,30.45416606210986,33.557889160477735,Equilibrado
18045,Castilléjar,1284,684700.617528105,1,684700.617528105,,,,68.47006175281051,1,533.2559326542874,0.0181196466585091,0.1800047529160768,0.3567598104546157,18.446573830036822,Baja,7.158513997329321,0.3239164296467312,28.17581879929733,-0.5121332185733198,-0.3680606308731983,0.2745626041564405,684700.617528105,castillejar,124.49,187.6,0.00796876245119133,0.005302226935312832,0.01081462325143999,0.0007456636138987813,20.80292552265349,0.75,15.602194141990116,0.35665529010238906,21.8493499091022,0.0,16.600210153941777,0.0,39.70303195944231,24.1999969585263,Equilibrado
18140,Motril,59862,676210.490344715,9,75134.49892719055,1491.0,Idealista,2026.0,67.6210490344715,3,11.296155997873692,1.0,0.1776820676488503,0.0,37.10728270595401,Media,10.999813897090403,1.0000000000000002,46.21887236770977,5.526275342215373,-0.5547100078905133,0.4210728270595402,75134.49892719055,motril,69.13,102.5,0.014259232853272494,0.00966183574879227,0.04551925272166214,0.005125243150298419,31.064503251793436,1.0,31.064503251793436,0.35665529010238906,30.525922265085015,1.0,40.58003300926282,0.4444444444444444,19.995214493553625,55.17659665852881,Equilibrado
18138,Moraleda de Zafayona,3214,656131.18305812,4,164032.79576453,,,,65.613118305812,0,204.14784787122588,0.0504701721450242,0.1721888741779761,0.1318142433873379,12.356087433089913,Baja,8.07558263667172,0.4853240406442967,28.73492830668448,0.1231293451455005,0.4252555634472512,0.2716925247435288,164032.79576453,moraleda de zafayona,35.74,116.1,0.02721829069134458,0.008539709649871904,0.11701458960531971,0.003997976757750382,21.730250720850755,0.75,16.297688040638064,0.35665529010238906,23.133444281338537,0.0,18.9137810582784,0.16666666666666666,29.23053767718561,31.166224615530858,Equilibrado
18147,Órgiva,5728,653391.71229874,1,653391.71229874,,,,65.33917122987401,1,114.06978217505936,0.0926096649290132,0.1714394238770127,0.0702458331743095,11.743241898180193,Baja,8.653296274408579,0.5870038649316955,31.236680262321,-0.1797363378395792,-0.5410859752050956,0.2915885805704759,653391.71229874,orgiva,63.01,40.2,0.015622558975160133,0.024271844660194174,0.0530407455326818,0.019802178350804316,22.216828969587226,1.0,22.216828969587226,0.35665529010238906,23.423212711207974,0.0,18.405769031490916,0.0,30.67934618907992,32.937142462700066,Equilibrado
18135,Montefrío,5283,644935.961623935,6,107489.3269373225,,,,64.4935961623935,0,122.07760015595969,0.0851506059437804,0.1691261431579518,0.0757191814145162,11.591139347066974,Baja,8.572438665642215,0.572772614508267,30.723299126221903,0.6156206866325847,0.9169988226328658,0.2870506676947032,107489.3269373225,montefrio,50.86,59.8,0.01928268414963363,0.01644736842105263,0.07323371678531021,0.01194185934373267,22.12540763095253,1.0,22.12540763095253,0.35665529010238906,23.38714728708469,0.0,18.650236509964635,0.2777777777777778,25.17232704477752,32.914064375049776,Equilibrado
18146,Orce,1116,630004.49996642,6,105000.74999440332,,,,63.000449996642,0,564.520161260233,0.015303642367455,0.1650412707807844,0.3781289288623911,18.40462796812676,Baja,7.018401799069201,0.2992561433578011,27.199913433199274,0.2692514068724181,1.1013604617024106,0.2652883907031419,105000.74999440332,orce,138.18,55.6,0.00718494036499497,0.0176678445229682,0.00649026381036838,0.013167926266087614,20.224253504432784,0.75,15.16819012832459,0.35665529010238906,21.361951140963736,0.0,15.945345164870705,0.2777777777777778,34.0403758493554,23.373701181036964,Equilibrado
18048,Cijuela,3827,595273.93657457,1,595273.93657457,,,,59.52739365745701,1,155.54584180156,0.0607452354213111,0.1555398621245576,0.0985947440147994,11.001793868065622,Baja,8.250097752572845,0.5160393728802373,28.550338689939,-0.3779387994072704,-0.4313534813443997,0.2674784113616059,595273.93657457,cijuela,20.08,73.6,0.04743833017077799,0.013404825737265416,0.22856888255212973,0.008885379222090269,23.056462096541495,0.75,17.29234657240612,0.35665529010238906,24.55542155297936,0.0,21.40242723474392,0.0,30.734835426671864,34.318770441545276,Equilibrado
18914,Valderrubio,2069,594343.28770578,1,594343.28770578,,,,59.434328770578,1,287.26113470554856,0.0312777619470658,0.155285260000254,0.1886222232037434,12.808409954534438,Baja,7.635303886259415,0.4078332856142244,26.46387110467145,-0.5198619516880525,-0.3562553880087253,0.2520113097660159,594343.28770578,valderrubio,56.02,67.5,0.017537706068046298,0.014598540145985401,0.06360664378690425,0.0100845618598928,19.681779679840588,0.75,14.761334759880441,0.35665529010238906,21.272905187285318,0.0,16.4582966550196,0.0,33.422929696125,27.77334304826038,Equilibrado
18099,Huétor de Santillán,1964,583788.93253594,1,583788.93253594,,,,58.37889325359399,1,297.24487399996946,0.0295177592651569,0.1523978538721074,0.1954461148091889,12.844830377114674,Baja,7.583247524303362,0.398671165506643,26.166924376019207,-0.5365621954562794,-0.3465261319504617,0.2493555781784653,583788.93253594,huetor de santillan,12.75,51.6,0.07272727272727272,0.019011406844106463,0.3680883977900552,0.014517643247423488,24.114139449338136,0.75,18.0856045870036,0.35665529010238906,25.731393129934276,0.0,23.91727132382476,0.0,33.483276137881035,33.58811452509596,Equilibrado
18006,Albuñol,7388,575638.38780028,10,57563.838780028,,,,57.563838780028,0,77.91532049272875,0.1204344692334769,0.1501680698219432,0.0455342376189924,10.985783998451812,Baja,8.907747686788648,0.6317882930816687,31.665770107509573,1.400580507755347,2.0102222585349367,0.2925766899121094,57563.838780028,albunol,103.82,102.1,0.009540164090822362,0.009699321047526674,0.01948407214261544,0.005162900163639943,21.55432425785549,1.0,21.55432425785549,0.35665529010238906,22.766700606778308,0.0,17.560082975032227,0.5,18.87443061966693,33.609541839397934,Equilibrado
18164,Puebla de Don Fadrique,2195,560606.84290292,2,280303.42145146,,,,56.060684290292,1,255.40175075303875,0.0333897651653564,0.1460558171874884,0.1668463157709756,11.849315115589498,Baja,7.694392802629421,0.418233162372148,26.012437990722404,-0.3686236009266517,-0.0577601026017409,0.246515512647991,280303.42145146,puebla de don fadrique,165.43,218.3,0.006008532115604158,0.004559963520291838,0.0,0.0,18.174429890347866,0.75,13.6308224177609,0.35665529010238906,19.86858276523064,0.0,14.518753413694805,0.05555555555555555,31.197069221392574,26.813206475260003,Equilibrado
18046,Castril,1927,547111.8837448651,5,109422.376748973,,,,54.7111883744865,0,283.9189848183005,0.0288975678439129,0.1423639357655516,0.1863378618149722,12.151620320388618,Baja,7.564238475170491,0.3953254996794133,25.45420428434515,0.1019137963527063,0.8213395640849391,0.2418939646477583,109422.376748973,castril,141.25,64.4,0.007029876977152899,0.015290519877675839,0.005634776529532273,0.010779711448347738,18.073131563677784,0.75,13.554848672758338,0.35665529010238906,19.802824428913933,0.0,14.401545728189943,0.22222222222222224,28.2638881982823,26.238672125068607,Equilibrado
18194,Zújar,2655,542368.16137027,2,271184.080685135,,,,54.236816137027,1,204.2817933598004,0.0411002531051475,0.1410661726304078,0.1319057952065628,10.832828354567628,Baja,7.884576510596324,0.4517062271316281,26.303210007493472,-0.3459648101431968,-0.0681789452527897,0.2475000973498736,271184.080685135,zujar,98.35,67.5,0.010065425264217413,0.014598540145985401,0.022381946742222228,0.0100845618598928,18.59933158106645,0.75,13.949498685799838,0.35665529010238906,20.32576995775929,0.0,15.098914455046755,0.05555555555555555,29.899371376606165,28.26503735288885,Equilibrado
18119,Lecrín,2244,529627.444430285,1,529627.444430285,,,,52.9627444430285,1,236.0193602630504,0.0342110997502472,0.1375806329098367,0.1535984406154205,11.137511527363502,Baja,7.716460800176355,0.4221172148964005,25.539971763085823,-0.5564982012928995,-0.3313607943855265,0.24117288853153,529627.444430285,lecrin,34.94,64.2,0.02782415136338342,0.015337423312883436,0.1203571329748476,0.010826829741252118,19.66594346404876,0.75,14.74945759803657,0.35665529010238906,21.449291373476303,0.0,17.194765054276427,0.0,31.486984863954447,29.33687071048453,Equilibrado
18097,Huéneja,1180,504039.40004152,4,126009.85001038,,,,50.403940004152,1,427.1520339334915,0.0163764059069042,0.1305803875147857,0.2842377340628088,14.24163969968282,Baja,7.074116816197362,0.3090622008605344,24.038744949009097,-0.159364150094694,0.5875720560167352,0.2314633588228035,126009.85001038,hueneja,78.8,95.9,0.012531328320802006,0.010319917440660475,0.035986374776720814,0.005786339417026304,17.926380344034182,0.75,13.444785258025636,0.35665529010238906,19.656808083379374,0.0,14.608979085440485,0.16666666666666666,31.722818064290216,24.257805125446012,Equilibrado
18182,Ugíjar,2574,500769.79577499,5,100153.959154998,,,,50.076979577499,0,194.54926020784384,0.0397425367505321,0.1296859060193391,0.1252536031453709,10.13732043765066,Baja,7.853604813097837,0.4462550891389967,25.52055035487101,0.1175783567648956,0.817018870064478,0.2393770443927272,100153.959154998,ugijar,109.77,10.9,0.009027715085311907,0.08403361344537814,0.016656882485584334,0.079837706956351,18.600256778809783,0.75,13.950192584107338,0.35665529010238906,20.444113138827085,0.0,14.462475542583586,0.22222222222222224,25.79745895088364,27.987001927977147,Equilibrado
18082,Galera,1139,485445.854619945,7,69349.40780284928,,,,48.5445854619945,0,426.20355980679983,0.0156891667644445,0.1254936611226663,0.2835894514464218,13.998104991232646,Baja,7.038783541388542,0.3028434084703577,23.59575076426817,0.3254111225372825,1.4595813948630485,0.2270900202752972,69349.40780284928,galera,137.47,118.4,0.007221780891167762,0.008375209380234505,0.0066935136038801316,0.003832722936717485,17.146414007792746,0.75,12.85981050584456,0.35665529010238906,18.93661075413135,0.0,13.615389309267142,0.33333333333333326,28.115699932859307,23.485384130283897,Equilibrado
18088,Guadahortuna,1829,479490.480755405,1,479490.480755405,,,,47.949048075540496,1,262.1599129335183,0.0272548986741313,0.123864420613401,0.1714655235459006,10.916189491137002,Baja,7.512071245835466,0.386143866486323,24.06764746956948,-0.6291009164969984,-0.2887004226134414,0.2275625024020486,479490.480755405,guadahortuna,57.42,197.8,0.017117425539198903,0.005030181086519115,0.061287949143277565,0.0004723715633240576,17.72288270426052,0.75,13.29216202819539,0.35665529010238906,19.665343002568232,0.0,14.923669426831932,0.0,31.33718673704707,27.0762865815508,Equilibrado
18171,Salar,2582,469554.56567238,2,234777.28283619,,,,46.955456567238,1,181.85691931540663,0.0398766321929633,0.1211462041389876,0.1165783807747553,9.539498554591065,Baja,7.85670679309584,0.4468010495604533,25.02661864665158,-0.4088621442663462,-0.0287112567832768,0.2339834441954425,234777.28283619,salar,49.76,34.2,0.019700551615445233,0.028409090909090908,0.07553909852017293,0.023958376712614,18.5086502236048,0.75,13.881487667703599,0.35665529010238906,20.435851402769657,0.0,15.601829269309409,0.05555555555555555,28.44355051908093,29.18102506131262,Equilibrado
18061,Chimeneas,1265,402728.7183331,2,201364.35916655,,,,40.272871833310006,1,318.3626231882214,0.0178011699827352,0.1028643330041785,0.2098801086427563,10.945011678931886,Baja,7.143617602704121,0.3212946068454907,21.699038645034783,-0.5669814735036862,0.0605778571509369,0.2060688727582822,201364.35916655,chimeneas,25.1,38.2,0.038314176245210725,0.02551020408163265,0.17823077411570454,0.02104621051352286,18.199821050988547,0.75,13.64986578824141,0.35665529010238906,20.379455160062253,0.0,16.601471444548235,0.05555555555555555,30.328508798380504,27.469665291774376,Equilibrado
18188,Villanueva Mesía,1965,400773.508574315,2,200386.7542871575,,,,40.0773508574315,1,203.955984007285,0.0295345211954608,0.1023294367884949,0.1316831043249161,8.929706237151107,Baja,7.583756300707112,0.3987607121123586,22.82403638021457,-0.5122923099092321,0.0318369841424039,0.2134188000359525,200386.7542871575,villanueva mesia,43.53,87.9,0.022456770716370984,0.01124859392575928,0.09074520498316982,0.00671927003169496,17.100933768026632,0.75,12.825700326019973,0.35665529010238906,19.28689685343362,0.0,14.777326851412534,0.05555555555555555,27.95585385806112,28.043937067129715,Equilibrado
18054,Cortes y Graena,949,398208.557558975,5,79641.711511795,,,,39.8208557558975,0,419.6085959525553,0.0125044000067047,0.1016277307002583,0.2790817898222501,12.81269492287898,Baja,6.856461984594587,0.2707541125845327,21.364179823446605,-0.0932693178561117,0.9372326030445112,0.2051854791402523,79641.711511795,cortes y graena,50.44,152.8,0.019440124416796267,0.006501950585175552,0.07410231734875368,0.0019508830202885873,16.53036412250026,0.75,12.397773091875194,0.35665529010238906,18.62287530850089,0.0,13.994560300249706,0.22222222222222224,29.009395785235974,23.870881328606618,Equilibrado
18085,Gor,766,389091.148426845,8,48636.39355335563,,,,38.909114842684495,0,507.95189089666445,0.0094369667610922,0.0991334368682524,0.3394644832188396,14.432380974128051,Baja,6.642486801367256,0.2330936565882886,21.28002863439137,0.3875237751737624,1.8105372444961287,0.2061022753579118,48636.39355335562,gor,72.47,97.9,0.013610997686130393,0.010111223458038422,0.04194292856030987,0.0055766894381485375,16.275545007917714,0.75,12.206658755938285,0.35665529010238906,18.266916476076645,0.0,13.280749515762425,0.38888888888888884,27.362828562200033,22.09787987295042,Equilibrado
18116,Lanjarón,3708,380802.31214644,1,380802.31214644,,,,38.080231214644,1,102.69749518512404,0.0587505657151477,0.0968658197295345,0.0624728684126292,7.511335813014691,Baja,8.21851757748959,0.5104811404902079,25.371371020457754,-0.5554902641449283,-0.319178264363362,0.2330329441665438,380802.31214644,lanjaron,45.35,37.1,0.02157497303128371,0.026246719160104987,0.08588031253911207,0.021786099458593784,18.423526155066437,0.75,13.817644616299827,0.35665529010238906,20.424256363440414,0.0,15.715369142709761,0.0,26.717477038855602,31.29825206958404,Equilibrado
18136,Montejícar,1989,380215.725686385,1,380215.725686385,,,,38.0215725686385,1,191.1592386557994,0.0299368075227543,0.0967053444269513,0.1229365214459116,8.454413646138033,Baja,7.595889917718538,0.4008962754176071,22.49395110779537,-0.6940116208765191,-0.2459077082525887,0.2097299645284209,380215.725686385,montejicar,56.02,38.8,0.017537706068046298,0.02512562814070352,0.06360664378690425,0.020659872887110773,16.54299603284162,0.75,12.407247024631216,0.35665529010238906,18.790134677925106,0.0,13.869773035387206,0.0,28.523362864724916,27.56523274236186,Equilibrado
18152,Pedro Martínez,1166,370307.81751789,1,370307.81751789,,,,37.030781751789,1,317.58817968944254,0.0161417388826497,0.093994789939968,0.2093507760616098,10.52456704592651,Baja,7.062191632286556,0.3069633225834076,20.802119952775435,-0.7678718461279024,-0.2060197216460126,0.1973727728955823,370307.81751789,pedro martinez,68.97,48.8,0.014291839359725597,0.020080321285140562,0.04569914335820324,0.015591454227353758,15.522343976663011,0.75,11.641757982497259,0.35665529010238906,17.82062888527392,0.0,12.77187642504658,0.0,30.980262778846697,24.389094148761856,Equilibrado
18126,"Malahá, La",1928,369787.50396414,1,369787.50396414,,,,36.978750396414,1,191.7984979067116,0.0289143297742168,0.0938524452377593,0.1233734555151376,8.322731368191008,Baja,7.564757012905729,0.3954167643170492,22.185842543881986,-0.7070791949797159,-0.2381094068275479,0.2067802094848553,369787.50396414,la malaha,129.68,97.2,0.007652280379553107,0.010183299389002037,0.009068586416652716,0.0056490955382874335,15.360981326994425,0.75,11.520735995245818,0.35665529010238906,17.647597353180533,0.0,12.331962910428349,0.0,28.3938259273421,26.310086261940093,Equilibrado
18114,"Calahorra, La",680,368001.905389055,1,368001.905389055,,,,36.800190538905504,1,541.1792726309633,0.0079954407549573,0.0933639503761459,0.3621754179298773,14.839683775590876,Baja,6.523562306149512,0.2121624876019063,20.808623215488296,-0.808711253099942,-0.184235573603841,0.2021463052935949,368001.905389055,la calahorra,72.59,146.4,0.013588802826470988,0.006784260515603799,0.04182047915169833,0.002234486170737119,15.998141108912428,0.75,11.998605831684321,0.35665529010238906,18.009461180908616,0.0,13.055491759182392,0.0,35.53346005670362,21.46749581518672,Equilibrado
18095,Güevéjar,2723,360411.9997681,3,120137.33325603337,,,,36.04119997681,1,132.35842811902313,0.0422400643658123,0.0912875430874634,0.0827461332975027,7.40108765339799,Baja,7.909856667269403,0.4561556320280506,23.509942621620816,-0.3154840919334146,0.3068107109320676,0.2168560217691788,120137.33325603332,guevejar,9.44,11.3,0.09578544061302682,0.08130081300813008,0.4953006921953388,0.07709238796464922,23.997874021851793,0.75,17.998405516388843,0.35665529010238906,26.19675683132255,0.0,25.029010522093607,0.1111111111111111,24.824538931076027,37.85689440884386,Equilibrado
18094,Güéjar Sierra,2915,353989.19084915,1,353989.19084915,,,,35.398919084915,1,121.43711521411664,0.0454583549841599,0.0895304241034931,0.0752814095848271,7.2034099012093415,Baja,7.977968093128549,0.4681435051903539,23.741340290857103,-0.6401827540460655,-0.272120148699093,0.2184827488542279,353989.19084915,guejar sierra,24.26,14.3,0.0395882818685669,0.06535947712418301,0.18526003595753335,0.06107802717972209,19.2848093557204,0.75,14.463607016790302,0.35665529010238906,21.469862012862865,0.0,17.361852749105147,0.0,26.734963492719466,32.01571747895685,Equilibrado
18012,Algarinejo,2335,338713.850296275,3,112904.616765425,,,,33.8713850296275,1,145.0594647949786,0.0357364354079015,0.0853514751092492,0.0914272992412029,7.228971043843102,Baja,7.756195343948118,0.4291106475677841,22.437410012565163,-0.3636423942914709,0.3341203566960821,0.2071861415027248,112904.616765425,algarinejo,74.64,46.4,0.013220518244315176,0.02109704641350211,0.03978864700778037,0.01661283682309213,15.879814500643766,0.75,11.909860875482824,0.35665529010238906,18.20019674258842,0.0,13.082125492899465,0.1111111111111111,24.788170510476327,27.935303971284693,Equilibrado
18167,Purullena,2409,328135.94728009496,2,164067.97364004748,,,,32.8135947280095,1,136.21251443756535,0.0369768182503897,0.0824576268825819,0.0853804035343527,6.9690217288455525,Baja,7.787382026484701,0.4345996237547562,22.40451197943944,-0.5335287814123456,0.0492682870233354,0.2064380199507856,164067.97364004748,purullena,47.22,27.6,0.02073828287017835,0.03496503496503496,0.08126427905250108,0.030544352578250878,16.57073518260344,0.75,12.428051386952578,0.35665529010238906,18.908376263280825,0.0,14.06574617648749,0.05555555555555555,25.57318233904856,28.929485897788272,Equilibrado
18157,Pinos Genil,1642,311292.158194865,2,155646.0790974325,,,,31.129215819486497,1,189.5810951247655,0.0241204177073031,0.0778495898170036,0.1218578594259981,7.493331906679184,Baja,7.404279118037268,0.3671720370224702,20.45806361014389,-0.6083241749950296,0.0902431777631394,0.1901145137411655,155646.0790974325,pinos genil,16.5,81.7,0.05714285714285714,0.012091898428053204,0.28210891870560373,0.007566437587137277,18.259243965047254,0.75,13.69443297378544,0.35665529010238906,20.77467588525573,0.0,18.17027134490456,0.05555555555555555,26.43710416251901,30.92355108888174,Equilibrado
18187,Villanueva de las Torres,491,294168.155933855,1,294168.155933855,,,,29.416815593385497,1,599.1204805170163,0.0048274359275214,0.0731648934740071,0.4017782671673325,15.124766831805909,Baja,6.198478716492308,0.1549465243358334,18.803088924206904,-0.8817242329137547,-0.1393337373809643,0.1839418076989777,294168.155933855,villanueva de las torres,88.89,138.0,0.01112470797641562,0.007194244604316547,0.028226027022591763,0.0026463483358983913,14.55402914466056,0.75,10.91552185849542,0.35665529010238906,16.754410071310527,0.0,11.660377506641627,0.0,35.71159268872033,19.4791278746224,Equilibrado
18035,Cádiar,1491,289873.67392418004,4,72468.41848104501,,,,28.987367392418005,1,194.41560960709597,0.0215893662314152,0.0719900312041279,0.1251622528821468,7.282149821571977,Baja,7.307872780763706,0.3502041505232554,19.656873435128364,-0.3021404562287262,0.6813394783272986,0.1826580283853272,72468.41848104501,cadiar,95.07,77.2,0.01040907671489539,0.01278772378516624,0.024277877491493023,0.00826545041725587,13.864872423393109,0.75,10.398654317544832,0.35665529010238906,16.477919601881297,0.0,11.288214521087832,0.16666666666666666,24.02103581333747,25.257893669623087,Equilibrado
18178,Torre-Cardela,700,284947.11599401,1,284947.11599401,,,,28.494711599401,1,407.06730856287146,0.0083306793610352,0.0706422488593674,0.2705098126084854,11.190904713460316,Baja,6.55250788703459,0.2172570212705611,17.92550487611244,-0.872161117616796,-0.1436008389431113,0.1719243101405647,284947.11599401,torre-cardela,56.02,67.5,0.017537706068046298,0.014598540145985401,0.06360664378690425,0.0100845618598928,14.01583452511725,0.75,10.511875893837937,0.35665529010238906,16.573618462961015,0.0,11.759009930695294,0.0,31.647406821222933,22.056055117950482,Equilibrado
18020,Arenas del Rey,608,281374.328932895,2,140687.1644664475,,,,28.137432893289496,1,462.78672521857726,0.0067885817730769,0.0696648241764928,0.3085940662497705,12.24807240774514,Baja,6.411818267709897,0.1924951066513467,17.852924768475383,-0.7148045299647513,0.1490833120476964,0.1723877335610111,140687.1644664475,arenas del rey,52.13,25.7,0.018821757952192732,0.03745318352059925,0.07069077931436805,0.03304389897419796,14.465004396031365,0.75,10.848753297023524,0.35665529010238906,16.961063762179148,0.0,11.987703214045013,0.05555555555555555,31.629952085206643,21.454880389923325,Equilibrado
18018,Alquife,543,278416.790713775,2,139208.3953568875,,,,27.8416790713775,1,512.7381044452578,0.0056990563033238,0.0688557161030297,0.34273586295873,13.207276221982807,Baja,6.298949246855942,0.1726297244649766,17.883535616173358,-0.7223416368442412,0.153320006600659,0.1736466557436362,139208.3953568875,alquife,77.21,62.6,0.012786088735455826,0.015723270440251572,0.037391892206914246,0.0112144443772202,13.90915468076582,0.75,10.431866010574364,0.35665529010238906,16.337877514667976,0.0,11.24982264142908,0.05555555555555555,32.61375058280227,20.192941182183148,Equilibrado
18189,Víznar,1006,270579.48029726,1,270579.48029726,,,,27.057948029726,1,268.9656861801789,0.0134598300340267,0.0667116250846132,0.1761172735122089,8.355778109771599,Baja,6.914730892718563,0.2810096647343387,17.97822530514024,-0.8588387129160001,-0.1494153334752004,0.169067351068916,270579.48029726,viznar,9.12,84.9,0.09881422924901187,0.011641443538998835,0.5120105693009849,0.00711391923088614,20.300233572964675,0.75,15.225175179723507,0.35665529010238906,23.03087010784471,0.0,22.73000725700986,0.0,28.61909945959693,32.936712932145426,Equilibrado
18028,Benalúa de las Villas,1028,264554.90193260496,3,88184.96731086832,,,,26.45549019326049,1,257.3491263935846,0.0138285925007123,0.0650634519646378,0.1681773481521593,8.062716298171663,Baja,6.9363427358340495,0.2848134323225819,17.87419181546958,-0.5267025320621546,0.4266476374561821,0.1677544191367986,88184.96731086832,benalua de las villas,51.18,49.9,0.019164430816404752,0.019646365422396856,0.0725813111858865,0.01515551047701159,13.67606110260528,0.75,10.25704582695396,0.35665529010238906,16.43561929194422,0.0,11.660047947497135,0.1111111111111111,26.076270820574443,24.26224079749075,Equilibrado
18143,Nigüelas,1229,263121.14902596,1,263121.14902596,,,,26.312114902596,1,214.0936932676648,0.017197740491795,0.064671213228848,0.1386122344915072,7.261147778652988,Baja,7.114769448366463,0.3162172206242486,18.377487150267307,-0.846770468374264,-0.1551572132765066,0.171197571132903,263121.14902596,niguelas,33.93,62.6,0.0286286859433152,0.015723270440251572,0.12479576358715852,0.0112144443772202,14.601892499881378,0.75,10.951419374911033,0.35665529010238906,17.354218509694196,0.0,13.140202350257743,0.0,27.39192769618762,26.248643494566192,Equilibrado
18049,Cogollos de Guadix,614,260025.344087825,1,260025.344087825,,,,26.002534408782505,1,423.49404574564335,0.0068891533549003,0.0638242788585265,0.2817374970121654,11.211770665353034,Baja,6.421622267806518,0.1942206484111763,17.046113121799618,-0.8985892574797156,-0.1275020315740986,0.1639413127403637,260025.344087825,cogollos de guadix,64.54,97.7,0.015257857796765332,0.010131712259371834,0.05102868308670677,0.005597272095649305,13.226397483535607,0.75,9.919798112651705,0.35665529010238906,15.8773147136621,0.0,10.981799472036839,0.0,31.643338853291286,21.11340471816499,Equilibrado
18051,Colomera,1278,253266.364389555,1,253266.364389555,,,,25.3266364389555,1,198.1739940450352,0.0180190750766858,0.061975192004166,0.1277311108280291,6.851513257308092,Baja,7.153833801578843,0.3230926971771231,18.286117377931465,-0.8505541978809495,-0.1523152147064424,0.1698052985206667,253266.364389555,colomera,29.83,39.2,0.032435939020434644,0.02487562189054726,0.14580044191726865,0.020408721395313852,14.882289248825808,0.75,11.161716936619356,0.35665529010238906,17.66812360031505,0.0,13.572211453998765,0.0,26.930692925049172,26.87500135775463,Equilibrado
18107,Jayena,979,252049.10813568,1,252049.10813568,,,,25.204910813568,1,257.45567736024515,0.0130072579158215,0.0616421813075953,0.1682501757997475,7.903410263770888,Baja,6.887552571664617,0.2762261755994493,17.4127777647375,-0.8755219203369922,-0.139013628199391,0.1633985779327822,252049.10813568,jayena,45.31,56.6,0.021593608291945583,0.017361111111111112,0.08598312358105535,0.012859787753855552,13.538268076463428,0.75,10.153701057347572,0.35665529010238906,16.357504764465304,0.0,11.738908771201466,0.0,28.12961433937219,24.27265934370015,Equilibrado
18034,Cacín,549,251633.08721880493,2,125816.54360940248,,,,25.16330872188049,1,458.3480641508287,0.0057996278851472,0.0615283684478334,0.3055602388323666,11.801930739438754,Baja,6.309918278226516,0.1745603162140863,16.77491151504679,-0.7428392116335572,0.16644308033184,0.1620975177621552,125816.54360940248,cacin,43.54,8.5,0.0224517287831163,0.10526315789473684,0.09071738855383578,0.10116450080767653,14.693469571818794,0.75,11.020102178864095,0.35665529010238906,17.335054305883197,0.0,11.880753831808955,0.05555555555555555,31.13211447625156,21.31736886159487,Equilibrado
18902,"Valle, El",941,248523.96962834,1,248523.96962834,,,,24.852396962834,1,264.10623764967056,0.0123703045642736,0.0606777920706531,0.172795837619651,7.982095948343868,Baja,6.848005274576363,0.2692656990652138,17.21424662557269,-0.8813351127665155,-0.135639675964935,0.1617130709059988,248523.96962834,el valle,41.42,74.7,0.023573785950023574,0.01321003963011889,0.0969077965412958,0.008689700828607752,13.548406947548472,0.75,10.161305210661354,0.35665529010238906,16.384539655306718,0.0,11.916891260897764,0.0,28.217764732122184,24.282338506877892,Equilibrado
18072,Escúzar,826,245145.64353299,1,245145.64353299,,,,24.514564353299,1,296.78649338134386,0.0104426825793258,0.0597535670172396,0.1951328113901697,8.557407499774454,Baja,6.717804695023691,0.2463498958259222,16.823690963394522,-0.8932175812355423,-0.1290701331943265,0.1589070931935111,245145.64353299,escuzar,27.62,61.7,0.034940600978336823,0.01594896331738437,0.1596187034527491,0.011441171120029282,14.362702896960167,0.75,10.772027172720126,0.35665529010238906,17.206350877329346,0.0,13.338296849120706,0.0,28.84166269256707,24.849082547928212,Equilibrado
18903,Nevada,1086,242871.147840105,4,60717.78696002625,,,,24.287114784010495,1,223.63825767965469,0.0148007844583382,0.0591313222001572,0.1451359498097755,7.163354916049706,Baja,6.99117688712121,0.2944644540461969,17.47657318409777,-0.3714848385525018,0.7220097413391079,0.1629990752486757,60717.78696002625,nevada,97.69,67.0,0.01013273887931908,0.014705882352941176,0.02275331707243341,0.010192395785616124,12.481493727297812,0.75,9.36112029547336,0.35665529010238906,15.337664448552998,0.0,10.113444309885336,0.16666666666666666,23.977311270967792,23.55521156693014,Equilibrado
18137,Montillana,1054,242424.172246695,2,121212.0861233475,,,,24.2424172246695,1,230.00395848832545,0.0142644026886136,0.0590090409194181,0.149486910009161,7.272901017709963,Baja,6.961296045910167,0.2892053109596659,17.3707016207953,-0.7094932895277816,0.1496036859190935,0.1621972027059406,121212.0861233475,montillana,52.65,104.0,0.018639328984156572,0.009523809523809525,0.06968431567402801,0.004986584647601598,13.085272783343846,0.75,9.813954587507885,0.35665529010238906,15.946595825438456,0.0,11.243743784166885,0.05555555555555555,26.323948235134626,24.336057246366103,Equilibrado
18154,"Peza, La",1104,239774.9402367,2,119887.47011835,,,,23.97749402367,1,217.1874458665761,0.0151024992038083,0.0582842776707451,0.1407268161894521,7.00625056862762,Baja,7.007600613951853,0.2973550931954232,17.452323851029313,-0.7075526505875015,0.1488042363933695,0.1625696977340592,119887.47011835,la peza,48.81,40.8,0.020076289901626177,0.023923444976076555,0.07761205287273959,0.0194521826992835,13.355644603880906,0.75,10.01673345291068,0.35665529010238906,16.22364302013864,0.0,11.455412370337363,0.05555555555555555,26.024907258109707,24.73910545741305,Equilibrado
18069,Dólar,600,231185.95518309,1,231185.95518309,,,,23.118595518309,1,385.30992530515,0.0066544863306458,0.055934547376542,0.2556386285169904,10.10617534049077,Baja,6.398594934535208,0.190167749106243,15.955384835353453,-0.9223033393188398,-0.112503123982535,0.1528421882670494,231185.95518309,dolar,76.43,45.7,0.012914890869172154,0.021413276231263382,0.03810249571346923,0.016930515242858723,12.285845307422766,0.75,9.214383980567074,0.35665529010238906,15.126970033959724,0.0,9.988860487129998,0.0,30.465886224336813,20.733293991552237,Equilibrado
18064,Dehesas de Guadix,382,230921.627257985,2,115460.8136289925,,,,23.0921627257985,1,604.5068776387042,0.0030003855243969,0.055862233904188,0.4054598727279687,14.488297103738493,Baja,5.948034989180646,0.1108674641864344,16.52637357230318,-0.7724749809603103,0.1838776751433957,0.1625134742089194,115460.8136289925,dehesas de guadix,95.87,102.7,0.010323113451016826,0.009643201542912247,0.023803616739869513,0.005106523583878404,12.964870563282702,0.75,9.723652922462026,0.35665529010238906,15.453752060725579,0.0,10.290893640749657,0.05555555555555555,33.845796765937344,18.068307864485984,Equilibrado
18076,Fonelas,965,220072.846814525,2,110036.4234072625,,,,22.0072846814525,1,228.0547635383679,0.012772590891567,0.0528942804260943,0.1481546341289379,6.943587967658926,Baja,6.873163834212518,0.2736937024150212,16.502913764737603,-0.734148964405113,0.1645459796165183,0.1539891665479296,110036.4234072625,fonelas,57.0,72.2,0.017241379310344827,0.01366120218579235,0.06197180415317202,0.009142930093194055,12.413270018966639,0.75,9.309952514224978,0.35665529010238906,15.389386285652208,0.0,10.567845674716153,0.05555555555555555,25.978241934061742,23.71645875960964,Equilibrado
18038,Campotéjar,1218,217199.198394545,1,217199.198394545,,,,21.7199198394545,1,178.3244650201519,0.0170133592584522,0.0521081224918134,0.1141639462125989,6.01964406380407,Baja,7.105786129481271,0.3146361219170375,17.263327819209945,-0.8836242419694901,-0.1317533508402855,0.1595068782208382,217199.198394545,campotejar,45.29,43.9,0.02160293799956794,0.022271714922048998,0.08603459573264394,0.017792886314270933,13.180873446064686,0.75,9.885655084548514,0.35665529010238906,16.126161844493275,0.0,11.458749587141167,0.0,26.03032451096864,25.425987176259568,Equilibrado
18183,Válor,658,214974.409397395,5,42994.881879479,,,,21.4974409397395,0,326.70882887142096,0.0076266782882716,0.0514994761765406,0.2155847450739914,8.756321747929515,Baja,6.490723534502507,0.2063827373713911,15.447409787884354,-0.2601669312343128,1.0411074788100751,0.146729934819101,42994.881879479,valor,113.02,74.7,0.00877039115944571,0.01321003963011889,0.015237222121543083,0.008689700828607752,11.331702961170047,0.75,8.498777220877535,0.35665529010238906,14.314197519596267,0.0,9.029843380989785,0.22222222222222224,24.598071716602327,20.762438167668158,Equilibrado
18004,Albondón,703,213613.192790615,1,213613.192790615,,,,21.3613192790615,1,303.85944920428875,0.0083809651519468,0.0511270815480764,0.1999671808025253,8.295527640557223,Baja,6.556778356158042,0.2180086402764727,15.508972985304714,-0.9277954779844704,-0.1080986763257486,0.1467456519166273,213613.192790615,albondon,114.59,43.9,0.008651267410675664,0.022271714922048998,0.014580014425151958,0.017792886314270933,11.380001148924606,0.75,8.535000861693455,0.35665529010238906,14.384315987325069,0.0,9.002357916898042,0.0,28.55536950147958,21.09807110089278,Equilibrado
18010,Aldeire,597,211494.47810675,2,105747.239053375,,,,21.149447810675,1,354.2621073814908,0.0066042005397341,0.0505474544971062,0.2344174269362307,9.2525470041632,Baja,6.393590753950631,0.1892869940585773,15.201076343147582,-0.7704243400555066,0.1844535506577757,0.1450737864534022,105747.239053375,aldeire,75.0,73.5,0.013157894736842105,0.013422818791946308,0.039443152079092755,0.008903454700292374,11.617628853291547,0.75,8.71322163996866,0.35665529010238906,14.596198827367813,0.0,9.551766449619981,0.05555555555555555,28.44878442183112,20.73368446743474,Equilibrado
18915,Domingo Pérez de Granada,822,208363.28509348,3,69454.42836449333,,,,20.836328509348,1,253.4833151988808,0.0103756348581102,0.0496908388394523,0.165535063955644,7.264954517990725,Baja,6.71295620067707,0.2454965421554875,15.697417644491438,-0.5872619258866708,0.4634593761061426,0.1471838912791126,69454.42836449333,domingo perez de granada,56.02,67.5,0.017537706068046298,0.014598540145985401,0.06360664378690425,0.0100845618598928,11.993785273586129,0.75,8.995338955189597,0.35665529010238906,15.040002400369046,0.0,10.225393868103325,0.1111111111111111,25.22837163841971,22.903240744498273,Equilibrado
18133,Molvízar,2689,205222.216039685,1,205222.216039685,,,,20.5222216039685,1,76.31915806607847,0.0416701587354799,0.0488315213454972,0.0444432596734612,4.536663406088128,Baja,7.897296472595885,0.4539449894120622,20.977984315411423,-0.7748620089300521,-0.1882202477213087,0.1895241697507859,205222.216039685,molvizar,68.34,97.4,0.014421690222094028,0.01016260162601626,0.046415532718114105,0.00562830296191189,14.454951589526527,0.75,10.841213692144894,0.35665529010238906,17.06868208890726,0.75,23.376725034933443,0.0,23.774873857478696,36.31287194081971,Equilibrado
18065,Dehesas Viejas,635,202944.203523435,1,202944.203523435,,,,20.2944203523435,1,319.59717090304724,0.0072411538912821,0.0482083144139918,0.2107239227227603,8.467284874980948,Baja,6.455198563340122,0.2001302056850065,14.960597299958984,-0.9416138500706784,-0.0998829429739919,0.142009878436039,202944.203523435,dehesas viejas,56.02,67.5,0.017537706068046298,0.014598540145985401,0.06360664378690425,0.0100845618598928,11.718928304402615,0.75,8.789196228301961,0.35665529010238906,14.773445441829658,0.0,9.958836909563937,0.0,28.7321334023824,21.542250650383842,Equilibrado
18162,Polopos,1682,198536.81437464,1,198536.81437464,,,,19.853681437464,1,118.03615598967896,0.0247908949194589,0.0470025635905097,0.0729568519799354,4.812534950602219,Baja,7.428333194190806,0.3714056470273659,18.325236906260866,-0.8609760731039251,-0.1421303786310989,0.1670322148907657,198536.81437464,polopos,95.67,46.6,0.010344470880314472,0.021008403361344536,0.023921446031295167,0.016523787710228385,12.67841469056986,0.75,9.508811017927394,0.35665529010238906,15.571418729116637,1.0,25.29556596079147,0.0,24.53883373892355,35.88680993554244,Equilibrado
18086,Gorafe,368,196191.159436165,1,196191.159436165,,,,19.6191159436165,1,533.1281506417528,0.0027657185001424,0.0463608513935179,0.3566724713748433,12.637579751990287,Baja,5.910796644040527,0.1043133720839291,14.711976466501376,-0.968347624486448,-0.085174879999543,0.1442221386304931,196191.159436165,gorafe,81.13,15.5,0.012175818823815902,0.06060606060606061,0.03402502298942588,0.05630283596385291,12.205512975880547,0.75,9.15413473191041,0.35665529010238906,15.01860885315493,0.0,9.446001371874827,0.0,33.018216710921195,18.07611322640195,Equilibrado
18024,Beas de Granada,1007,189223.652450875,1,189223.652450875,,,,18.9223652450875,1,187.908294390144,0.0134765919643306,0.0444547167179747,0.1207144991524635,5.803921402222814,Baja,6.915723448631314,0.2811843583960625,15.821151899783205,-0.922483783549196,-0.1088225713689292,0.1463750369139276,189223.652450875,beas de granada,16.19,100.4,0.05817335660267597,0.009861932938856016,0.2877942013055258,0.005326256955983162,15.147716033632792,0.75,11.360787025224594,0.35665529010238906,18.265777513836124,0.0,15.740627605795716,0.0,25.84417081047264,28.457626382087952,Equilibrado
18007,Albuñuelas,794,167357.00469118002,2,83678.50234559001,,,,16.735700469118,1,210.7770839939295,0.0099063008096012,0.0384725518459997,0.1363453301269038,5.926451001935142,Baja,6.678342114654332,0.2394043297603492,14.331345758196552,-0.7891747777768365,0.1981357825274025,0.133266868686248,83678.50234559001,albunuelas,38.29,111.9,0.025451768897938407,0.008857395925597873,0.10726865959173112,0.004317118307300107,11.518392478875764,0.75,8.638794359156822,0.35665529010238906,14.797110771745336,0.0,10.476796833053811,0.05555555555555555,24.902876384995988,23.59371468874066,Equilibrado
18141,Murtas,431,167292.51562743,3,55764.17187581,,,,16.729251562743,1,388.149688230696,0.0038217201092877,0.0384549092600838,0.2575796081256946,9.380236217452826,Baja,6.068425588244111,0.1320566730937782,13.06767895099643,-0.6508355962002492,0.5005725249626716,0.1259967013182795,55764.17187581,murtas,133.83,0.0,0.007416747014759326,1.0,0.007769144939217501,1.0,19.723193441749125,0.75,14.792395081311843,0.35665529010238906,22.932566840887176,0.0,7.6604289387435145,0.1111111111111111,27.4279114845528,18.38329469569326,Equilibrado
18117,Lanteira,533,157319.31525137,2,78659.657625685,,,,15.731931525136998,1,295.15818996504686,0.0055314370002849,0.0357264924672363,0.1940198650595503,7.41559876048451,Baja,6.280395838960195,0.1693642532495796,12.875493992825213,-0.8179994978897613,0.2142297232693587,0.1220730518891349,78659.657625685,lanteira,80.37,17.8,0.012289541600098316,0.05319148936170213,0.034652433431083846,0.04885429966569527,10.194627904570796,0.75,7.645970928428097,0.35665529010238906,13.548904202224799,0.0,8.057056188342852,0.05555555555555555,26.49580946403721,20.04018787020463,Equilibrado
18078,Freila,960,157318.997557605,1,157318.997557605,,,,15.7318997557605,1,163.87395578917187,0.0126887812400476,0.0357264055542123,0.1042870147615942,4.9383301022177495,Baja,6.8679744089702925,0.2727803435944658,14.76881330721592,-0.951249267085524,-0.0908916739578594,0.1358354361701465,157318.997557605,freila,95.36,73.8,0.0103777501037775,0.013368983957219251,0.02410504805873003,0.008849373256152917,10.427110505162378,0.75,7.820332878871784,0.35665529010238906,13.71297103714685,0.0,8.515698433636787,0.0,24.91493072055844,22.931722873104135,Equilibrado
18002,Alamedilla,518,150962.6123494,1,150962.6123494,,,,15.09626123494,1,291.4336145741313,0.0052800080457265,0.0339874584269186,0.191474115616942,7.262122046956803,Baja,6.251903883165888,0.164349559343238,12.550396309095223,-0.991727507732786,-0.0689523693110463,0.1189858580451362,150962.6123494,alamedilla,72.89,106.9,0.013533631073216944,0.009267840593141797,0.041516095674546824,0.004729443161136033,9.62788091545691,0.75,7.220910686592682,0.35665529010238906,13.028654600057255,0.0,8.046691773655526,0.0,27.443596389854193,20.027020297883638,Equilibrado
18015,Alicún de Ortega,461,145957.386680535,1,145957.386680535,,,,14.5957386680535,1,316.6103832549566,0.0043245780184046,0.0326181545673767,0.2086824516308175,7.694937072171734,Baja,6.135564891081739,0.143873448861876,12.113634655103668,-1.0002260303559491,-0.064032533749194,0.1155735818363117,145957.386680535,alicun de ortega,99.69,80.8,0.00993147283742179,0.012224938875305624,0.02164292898338481,0.007700087472993694,9.15067470066526,0.75,6.863006025498945,0.35665529010238906,12.574633776900745,0.0,7.364232840468821,0.0,27.89138127729336,19.01527364961954,Equilibrado
18909,Morelábor,588,141721.35829077,2,70860.679145385,,,,14.172135829077,1,241.02271818158164,0.0064533431669991,0.0314592837377725,0.1570182386582624,6.16251880426875,Baja,6.3784261836515865,0.1866179713063342,12.491249749531972,-0.8257999181088297,0.2196855727739138,0.1171545631168916,70860.679145385,morelabor,54.62,75.7,0.017979144192736426,0.013037809647979138,0.0660420652374737,0.008516681886403228,9.825390365382916,0.75,7.369042774037187,0.35665529010238906,13.299742248406906,0.0,8.525166730381775,0.05555555555555555,25.172400235525384,21.185592048035062,Equilibrado
18106,Játar,631,132592.931390455,3,44197.64379681833,,,,13.2592931390455,1,210.13142851102216,0.0071741061700665,0.0289619757214926,0.1359040242293947,5.450822940843542,Baja,6.448889394146858,0.1990197676183482,12.37206046072104,-0.6619524631830093,0.5094134050618768,0.1152177150123676,44197.64379681833,jatar,56.02,67.5,0.017537706068046298,0.014598540145985401,0.06360664378690425,0.0100845618598928,9.61737922209387,0.75,7.213034416570403,0.35665529010238906,13.147779735783526,0.0,8.333171203517805,0.1111111111111111,23.30299729073425,21.508937508384097,Equilibrado
18032,Bubión,305,127554.955319715,2,63777.4776598575,,,,12.7554955319715,1,418.21296826136063,0.0017097168909971,0.0275837121756836,0.2781278774848564,9.498476318302956,Baja,5.723585101952381,0.0713634199611679,10.773163661717057,-0.8596255625110396,0.2387756804460337,0.1055426512278963,63777.4776598575,bubion,72.1,63.0,0.013679890560875515,0.015625,0.04232301169214957,0.01111572377462208,8.920156827125298,0.75,6.690117620343974,0.35665529010238906,12.384611130552594,0.0,7.346854658192034,0.05555555555555555,28.61191082221876,17.25357443677359,Equilibrado
18128,Marchal,437,126994.366815865,1,126994.366815865,,,,12.6994366815865,1,290.6049583887071,0.0039222916911111,0.027430349260059,0.1909077286329914,6.942114580125439,Baja,6.082218910376446,0.1344843508897353,11.112129475516264,-1.0170071816471895,-0.0535420921975189,0.1057685946736788,126994.366815865,marchal,49.27,68.2,0.01989258006763477,0.014450867052023121,0.07659852267369463,0.009936212297337014,9.251513785783771,0.75,6.938635339337829,0.35665529010238906,12.83723099340568,0.0,8.154024745633418,0.0,27.098749321992692,19.832712584261518,Equilibrado
18077,Fornes,526,121467.22449909,1,121467.22449909,,,,12.146722449909,1,230.9262823176616,0.0054141034881576,0.0259182621320648,0.1501173188821197,5.702673156390916,Baja,6.267200548541362,0.1670418313374639,11.34174540017382,-1.014188493273843,-0.0545597835916069,0.1063612755414682,121467.22449909,fornes,56.02,67.5,0.017537706068046298,0.014598540145985401,0.06360664378690425,0.0100845618598928,9.010885300443427,0.75,6.75816397533257,0.35665529010238906,12.645327590221022,0.0,7.8307190579552985,0.0,25.79943267306683,20.549599419957566,Equilibrado
18148,Otívar,1011,115347.563983745,1,115347.563983745,,,,11.5347563983745,1,114.09254597798714,0.0135436396855461,0.0242440769270153,0.0702613922468299,3.483914035051898,Baja,6.919683849847411,0.2818814042565996,13.880333668880269,-0.9800290869198964,-0.0720931138372399,0.1259214703223234,115347.563983745,otivar,81.21,57.5,0.01216397031991242,0.017094017094017096,0.033959654597006325,0.012591470218588863,9.81489478030303,0.75,7.361171085227273,0.35665529010238906,13.282789764686642,0.75,19.39664225693498,0.0,23.320045613755664,30.90184682373368,Equilibrado
18174,Santa Cruz del Comercio,523,109734.688251415,2,54867.3441257075,,,,10.9734688251415,1,209.817759562935,0.005363817697246,0.0227085352927555,0.1356896313212248,5.139944882264348,Baja,6.261491684321042,0.1660370492570602,10.828521488559472,-0.8560753176911118,0.2384215977580909,0.1011187891873795,54867.3441257075,santa cruz del comercio,49.19,68.1,0.019924287706714484,0.014471780028943561,0.07677345424403839,0.009957221073510412,8.797148941029345,0.75,6.597861705772009,0.35665529010238906,12.524802213209979,0.0,7.843135193379422,0.05555555555555555,24.09500459316341,20.782792166688136,Equilibrado
18042,Capileira,590,100753.1560469,1,100753.1560469,,,,10.07531560469,1,170.76806109644068,0.0064868670276068,0.0202514139707851,0.1089991397426239,4.274636761938332,Baja,6.3818160174060985,0.1872145950970976,10.922361786426984,-1.0252734866388626,-0.046930644973344,0.1008754588079542,100753.1560469,capileira,73.77,46.2,0.013374348000534974,0.0211864406779661,0.040637328322509464,0.016702640589454722,8.24447642213566,0.75,6.183357316601745,0.35665529010238906,12.011980029618963,0.0,6.901497555413674,0.0,24.282544890817974,20.69539602345868,Equilibrado
18037,Calicasas,687,99749.0259639,1,99749.0259639,,,,9.97490259639,1,145.1950887393013,0.0081127742670845,0.019976709234356,0.0915199982859063,3.78805154596397,Baja,6.533788837933344,0.213962396565321,11.545680642962962,-1.0182694361588822,-0.050547096672905,0.1057575220630813,99749.0259639,calicasas,15.92,166.1,0.05910165484633569,0.005984440454817475,0.2929156381019552,0.0014310022525949257,12.18680575093711,0.75,9.140104313202832,0.35665529010238906,15.909339582045028,0.0,13.474356589002795,0.0,23.74443541029499,26.543396263094298,Equilibrado
18074,Ferreira,297,93631.248377615,1,93631.248377615,,,,9.3631248377615,1,315.25672854415825,0.001575621448566,0.0183030391513409,0.207757227849899,7.01210704500759,Baja,5.697093486505405,0.0667007936567412,8.502568812814056,-1.0543843851208743,-0.0309345527359313,0.0826058004028705,93631.248377615,ferreira,74.9,139.4,0.013175230566534914,0.007122507122507123,0.039538794138842176,0.0025742822352991844,6.990580307392362,0.75,5.242935230544271,0.35665529010238906,10.876604355638293,0.0,5.8964201231378865,0.0,27.147868793064017,17.05801129657464,Equilibrado
18120,Lentegí,368,90275.07269731,1,90275.07269731,,,,9.027507269731,1,245.31269754703803,0.0027657185001424,0.0173848738943917,0.1599504420458079,5.576879772154184,Baja,5.910796644040527,0.1043133720839291,8.779766520806076,-1.0513108697228648,-0.0322724250064744,0.0834512402985838,90275.07269731,lentegi,86.32,99.2,0.011452130096197893,0.00998003992015968,0.030032420284316533,0.0054449049678928895,6.833324713789814,0.75,5.124993535342361,0.35665529010238906,10.774910625205006,0.75,16.920956426833406,0.0,25.667756956093825,25.496261172299768,Equilibrado
18103,Ítrabo,1022,89927.43569842,1,89927.43569842,,,,8.992743569842,1,87.99162005716242,0.013728020918889,0.0172897691547072,0.0524213942227427,2.6760732204372446,Baja,6.930494765951626,0.2837841671101277,13.267043460388436,-0.999057007702584,-0.0598633795724204,0.1193457147061133,89927.43569842,itrabo,72.43,95.7,0.013618412093149937,0.010341261633919338,0.04198383396672742,0.005807781384876367,9.349560460198939,0.75,7.012170345149205,0.35665529010238906,12.931913159296887,0.75,19.19384433357956,0.0,22.43713028441764,31.119413296733946,Equilibrado
18179,Torvizcón,608,76505.15265463,1,76505.15265463,,,,7.650515265463,1,125.83084318195723,0.0067885817730769,0.0136177700897995,0.0782845252023506,3.096904012854811,Baja,6.411818267709897,0.1924951066513467,10.13353934925562,-1.042821084486722,-0.0355835325011847,0.0923915266644788,76505.15265463,torvizcon,75.54,6.1,0.013065064018813691,0.14084507042253522,0.03893100346909931,0.13690940881201086,8.739660413181262,0.75,6.554745309885947,0.35665529010238906,12.667502754999616,0.0,6.337889350034663,0.0,23.029424260560493,20.81968487301795,Equilibrado
18151,Pampaneira,312,73979.63278469,3,24659.877594896665,,,,7.397963278469,1,237.1142076432372,0.0018270504031244,0.012926851371235,0.1543467694355726,5.202288650010313,Baja,5.746203190540153,0.0753442906263139,7.324880658935102,-0.733484362960897,0.5522319593927422,0.070127934626597,24659.877594896665,pampaneira,67.99,27.4,0.014494854326714018,0.035211267605633804,0.04681918029596731,0.030791713174143347,6.368553031687292,0.75,4.776414773765469,0.35665529010238906,10.50529282605752,0.0,5.315738145739925,0.1111111111111111,23.054523429406707,17.462923928804326,Equilibrado
18181,Turón,203,71872.337600865,1,71872.337600865,,,,7.1872337600865,1,354.0509241421921,0.0,0.0123503484082707,0.2342730830695328,7.522206428416814,Baja,5.318119993844216,0.0,6.289089271027796,-1.0789776023884428,-0.0160758879344545,0.0635084101306915,71872.337600865,turon,148.38,65.3,0.006694336591243808,0.015082956259426848,0.0037835946590289576,0.010571197011874978,5.218438003642961,0.75,3.913828502732221,0.35665529010238906,9.33515019778978,0.0,3.9174448227254826,0.0,27.645709912499516,14.341883497276143,Equilibrado
18067,Diezma,829,67389.79840357,1,67389.79840357,,,,6.7389798403570005,1,81.29046852059108,0.0104929683702375,0.0111240384215733,0.0478411532560359,2.1949851856511366,Baja,6.721425700790643,0.2469872067808265,11.464858447389028,-1.0322114035992829,-0.0404128634698764,0.1028554260559276,67389.79840357,diezma,34.02,39.0,0.02855511136493432,0.025,0.12438985141876305,0.02053366926248282,9.536408851194853,0.75,7.15230663839614,0.35665529010238906,13.356476210438512,0.0,9.045208680465478,0.0,21.991436518759745,24.163624835895618,Equilibrado
18124,Lújar,491,66468.25974254,1,66468.25974254,,,,6.646825974254,1,135.37323776484726,0.0048274359275214,0.0108719286209873,0.0848067574411692,3.123902945900213,Baja,6.198478716492308,0.1549465243358334,8.698547411197126,-1.0600797869157013,-0.0256032939603386,0.0797817443262289,66468.25974254,lujar,93.67,66.8,0.010563008344776591,0.014749262536873156,0.025127120844900597,0.010235974687752098,6.375222675399869,0.75,4.781417006549902,0.35665529010238906,10.471925974945753,1.0,20.2710080849814,0.0,23.08779915428444,29.41714975106857,Equilibrado
18001,Agrón,247,62405.076949095,1,62405.076949095,,,,6.2405076949095,1,252.65213339714572,0.0007375249333713,0.0097603439993992,0.1649669507114783,5.36154802932146,Baja,5.513428746164983,0.0343750922958342,5.8407894995993015,-1.0828593635508807,-0.0132151804585611,0.0571771575811712,62405.076949095,agron,36.41,67.9,0.026730820636193534,0.014513788098693758,0.11432520923143721,0.009999421576012557,6.26639899583908,0.75,4.69979924687931,0.35665529010238906,10.570716412341358,0.0,6.264144937359769,0.0,25.43702572131431,17.583968557599334,Equilibrado
18109,Jete,990,59455.679772265,1,59455.679772265,,,,5.9455679772265,1,60.05624219420707,0.0131916391491644,0.0089534631103561,0.0333275472309152,1.7537141158166385,Baja,6.898714534329988,0.2781907239991781,12.274188849602472,-1.0254953841282262,-0.043284982147647,0.1092800254515836,59455.679772265,jete,79.01,103.5,0.012498437695288089,0.009569377990430622,0.03580491665061204,0.0050323618566259064,8.477320306233878,0.75,6.3579902296754085,0.35665529010238906,12.224790986067466,0.75,18.43268718247149,0.0,21.44749957244526,30.828031657083145,Equilibrado
18916,Torrenueva Costa,3207,53930.946176565,5,10786.189235313,,,,5.3930946176565,0,16.816634292661366,0.0503528386328969,0.0074420349478677,0.0037732501203128,1.921464060511005,Baja,8.073402968986406,0.4849404107405333,19.75241890580453,-0.181587488032556,1.013330711526696,0.1736492702684119,10786.189235313,torrenueva costa,56.02,67.5,0.017537706068046298,0.014598540145985401,0.06360664378690425,0.0100845618598928,13.477181594758111,0.75,10.107886196068584,0.35665529010238906,16.34623246725038,0.0,11.531623934984658,0.22222222222222224,16.040854806558325,30.086556802049646,Equilibrado
18040,Cáñar,424,43779.44941928,1,43779.44941928,,,,4.377944941928,1,103.2534184416981,0.0037043865971605,0.0046648407493435,0.0628528422813306,2.183310496328476,Baja,6.052089168924417,0.1291814004025901,6.901846499363898,-1.0832328759185743,-0.0114264119952365,0.0627926370109766,43779.44941928,canar,61.86,35.9,0.01590836780146357,0.02710027100271003,0.054617557564560715,0.022643561295896973,5.6722360545990504,0.75,4.254177040949288,0.35665529010238906,10.038569988968565,0.0,5.008480600119366,0.0,22.118827305907093,19.234004767464484,Equilibrado
18070,Dúdar,382,36361.038294535,1,36361.038294535,,,,3.6361038294535,1,95.18596412181935,0.0030003855243969,0.0026353500416678,0.0573387325688004,1.9155875444626376,Baja,5.948034989180646,0.1108674641864344,5.960404133135764,-1.0924168993833412,-0.0059380527645234,0.0541924356241193,36361.038294535,dudar,19.6,43.2,0.04854368932038835,0.02262443438914027,0.23466716730139994,0.018147221537052043,7.699001482178422,0.75,5.774251111633816,0.35665529010238906,12.194623099729744,0.0,9.009993205837388,0.0,21.8519294791474,22.285578875716595,Equilibrado
18176,Soportújar,260,26728.025444185,1,26728.025444185,,,,2.6728025444185,1,102.80009786225,0.0009554300273219,0.0,0.0625429974020277,1.9049528228804904,Baja,5.564520407322694,0.0433674213490626,3.298271789013201,-1.1097608218803552,0.0040527252278267,0.0308143468226788,26728.025444185,soportujar,63.32,46.7,0.015547263681592042,0.020964360587002094,0.052625340150078345,0.016479543182453316,3.2892210158428274,0.75,2.4669157618821207,0.35665529010238906,8.109498273623212,0.0,3.1211268917636263,0.0,21.87628992206083,16.619741047569008,Equilibrado
